Name,ID,Elevation_ft,Latitude,Longitude,HUC
Adin Mtn,"301	",6190,41.23583,-120.79192,"180200021403	"
Agnew Pass,"AGP	",9450,37.724,-119.143,"180400060401	"
Agua Canyon,"907	",8900,37.52217,-112.27118,"160300020301	"
Aiken Lake,"4A30P	",3481,56.43333,-125.73333,"	"
Albro Lake,"916	",8300,45.59723,-111.95902,"100200050701	"
Alexander Lake,"1267	",160,61.74967,-150.88967,"190205051106	"
Alpha,"ALP	",7600,38.805,-120.215,"180201290204	"
Alpine Meadows,"908	",3500,47.77957,-121.69847,"171100100501	"
American Creek,"1189	",1050,64.78969,-141.23376,"190705050504	"
Anchor River Divide,"1062	",1653,59.85972,-151.315,"190203010701	"
Anchorage Hillside,"1070	",2080,61.11483,-149.66683,"190204010601	"
Aneroid Lake #2,"302	",7400,45.21328,-117.19258,"170601050101	"
Annie Springs,"1000	",6010,42.87007,-122.16518,"180102030101	"
Apishapa,"303	",10000,37.33062,-105.06749,"110200060406	"
Arapaho Ridge,"1030	",10960,40.35098,-106.38142,"140100010604	"
Arbuckle Mtn,"304	",5770,45.19085,-119.25392,"170702020604	"
Atlanta Summit,"306	",7580,43.7569,-115.23907,"170501110204	"
Azure,"1E08P	",5331,52.58333,-119.71667,"	"
Badger Pass,"307	",6900,48.13088,-113.02317,"100302010201	"
Baker Butte,"308	",7300,34.4566,-111.40643,"150602030206	"
Baker Butte Smt,"1140	",7700,34.45547,-111.38272,"150602030103	"
Bald Mtn.,"309	",9380,44.8007,-107.84442,"100800100501	"
Baldy,"310	",9125,33.97883,-109.50344,"150200010203	"
Banfield Mountain,"311	",5600,48.5712,-115.44573,"170101011202	"
Banner Summit,"312	",7040,44.30342,-115.23447,"170501200202	"
Bar M,"1212	",6393,34.86136,-111.60503,"150602020601	"
Barker Lakes,"313	",8250,46.09713,-113.13038,"170102010304	"
Barkerville,"1A03P	",4865,53.05,-121.48333,"	"
Barnes Creek,"2B06P	",5233,50.06667,-118.35,"170200010305	"
Base Camp,"314	",7060,43.94019,-110.44544,"170401010304	"
Basin Creek,"315	",7180,45.79737,-112.52047,"170102010201	"
Bateman,"316	",9300,36.51216,-106.32129,"130201020901	"
Battle Mountain,"317	",7440,41.05413,-107.26609,"140500030109	"
Beach Meadows,"BCH	",7650,36.127,-118.293,"180300010403	"
Beagle Springs,"318	",8850,44.47147,-112.98191,"100200010501	"
Bear Basin,"319	",5350,44.95222,-116.14293,"170602100104	"
Bear Canyon,"320	",7900,43.74367,-113.93797,"170402180101	"
Bear Creek,"321	",8040,41.83384,-115.45278,"170501020301	"
Bear Grass,"1166	",4720,44.3253,-122.0938,"170900040203	"
Bear Lake,"322	",9500,40.31118,-105.64483,"101900060201	"
Bear Mountain,"323	",5400,48.30577,-116.07448,"170102131202	"
Bear River,"1061	",9080,40.06153,-107.00955,"140500010102	"
Bear River RS,"992	",8777,40.8852,-110.8277,"160101010106	"
Bear Saddle,"324	",6180,44.60533,-116.98097,"170501241001	"
Bear Trap Meadow,"325	",8200,43.88743,-107.06135,"100902010205	"
Beartooth Lake,"326	",9360,44.94307,-109.56743,"100700060206	"
Beartown,"327	",11600,37.71409,-107.51212,"130100010104	"
Beaver Ck Village,"1041	",8500,39.59917,-106.51142,"140100030301	"
Beaver Creek,"328	",7850,44.94966,-111.35852,"100200070402	"
Beaver Dams,"329	",7990,39.13683,-111.55813,"160300040402	"
Beaver Divide,"330	",8280,40.61233,-111.09782,"160202030105	"
Beaver Head,"902	",7990,33.69144,-109.21657,"150601010107	"
Beaver Pass,"990	",3630,48.8793,-121.2555,"171100050605	"
Beaver Reservoir,"331	",5150,45.14532,-118.219,"170601040301	"
Beaver Spring,"1143	",9200,36.32678,-109.05711,"140802040401	"
Ben Lomond Peak,"332	",7689,41.37603,-111.94405,"160201020302	"
Ben Lomond Trail,"333	",5972,41.38291,-111.92103,"160201020302	"
Berry Creek,"334	",9377,39.31917,-114.62278,"160600081301	"
Berthoud Summit,"335	",11300,39.80392,-105.77789,"140100010202	"
Bettles Field,"1182	",640,66.91667,-151.53333,"190901012604	"
Bevans Cabin,"1214	",6520,40.46182,-112.25233,"160203040401	"
Big Bend,"336	",6898,41.76168,-115.6931,"170501040104	"
Big Creek Sum,"337	",8685,39.29148,-117.11506,"160401070303	"
Big Creek Summit,"338	",6560,44.62621,-115.79561,"170602080402	"
Big Flat,"339	",10349,38.30183,-112.35672,"160300070202	"
Big Flat,"BFL	",5100,41.08,-122.942,"180102110102	"
Big Goose,"931	",7990,44.57924,-107.20068,"100901010103	"
Big Meadow,"340	",8235,39.455,-119.9422,"160501020505	"
Big Meadows,"BIM	",7600,36.717,-118.842,"180300100403	"
Big Pine Creek,"BGP	",9800,37.128,-118.475,"180901020709	"
Big Red Mountain,"341	",6050,42.05257,-122.85487,"171003090301	"
Big Sandy Opening,"342	",9080,42.6458,-109.25965,"140401040101	"
Bigelow Camp,"343	",5130,42.07875,-123.34393,"171003090105	"
Billie Creek Divide,"344	",5280,42.40717,-122.26617,"180102030201	"
Bird Creek,"1155	",7537,39.46138,-114.64863,"160600081304	"
Bishop Pass,"BSH	",11200,37.1,-118.557,"180300100302	"
Bison Lake,"345	",10880,39.76487,-107.35681,"140100011401	"
Bisson Creek,"346	",4920,47.68389,-113.99901,"170102120602	"
Black Bear,"347	",8170,44.50832,-111.12803,"100200070202	"
Black Flat-U.M. Ck,"348	",9414,38.6799,-111.59765,"140700030101	"
Black Mesa,"1185	",11580,37.78972,-108.18365,"140300020103	"
Black Mountain,"1161	",8920,40.888,-105.66397,"101900070501	"
Black Pine,"349	",7210,46.414,-113.43095,"170102020203	"
Black Springs,"BLS	",6500,38.375,-120.192,"180400100303	"
Blackhall Mtn,"1119	",9820,41.05616,-106.71384,"101800020504	"
Blacks Fork Jct,"1162	",8869,40.95814,-110.5828,"140401070303	"
Blacks Mountain,"BLA	",7050,40.77,-121.198,"180200030607	"
Blacktail Mtn,"1144	",5650,47.98288,-114.3543,"170102080302	"
Blackwall Peak,"2G03P	",6345,49.08333,-120.76667,"170200070205	"
Blackwater,"350	",9780,44.37667,-109.79333,"100800120209	"
Blazed Alder,"351	",3650,45.4287,-121.85605,"170800010102	"
Blewett Pass,"352	",4240,47.35037,-120.6796,"170200110501	"
Blind Bull Sum,"353	",8650,42.964,-110.60973,"140401010402	"
Blind Park,"354	",6890,44.10772,-103.97688,"101201100104	"
Bloods Creek,"BLD	",7200,38.45,-120.033,"180400100301	"
Bloody Dick,"355	",7600,45.16507,-113.50099,"100200011002	"
Blue Canyon,"BLC2	",5280,39.276,-120.708,"180201280105	"
Blue Lakes,"356	",8067,38.608,-119.92437,"180400120101	"
Blue Mountain Spring,"357	",5870,44.24767,-118.51722,"170501160104	"
Bobs Hollow,"1278	",9319,38.94569,-112.15349,"160300051401	"
Bogus Basin,"978	",6340,43.76377,-116.09685,"170501220201	"
Bonanza King,"BNK	",6450,41.083,-122.628,"180102110304	"
Bone Springs Div,"358	",9350,44.67888,-107.5811,"100800100102	"
Boss Mountain Mine,"1C20P	",4846,52.1,-120.86667,"	"
Bostetter R.S.,"359	",7500,42.16442,-114.19272,"170402120201	"
Boulder Mountain,"360	",7950,46.5596,-111.28973,"100301030501	"
Bourne,"361	",5850,44.83052,-118.18787,"170502030101	"
Bowman Springs,"362	",4530,45.36428,-118.46715,"170701030401	"
Box Canyon,"363	",6670,45.2719,-110.24903,"100700020902	"
Box Creek,"364	",9853,38.50809,-112.01856,"160300020106	"
Box Springs,"1156	",9228,38.49746,-112.00779,"160300020107	"
Brackett Creek,"365	",7320,45.89107,-110.93851,"100700030403	"
Brenda Mines,"2F18P	",4767,49.85,-119.98333,"170200060808	"
Brian Head,"1154	",10039,37.67994,-112.85674,"160300060201	"
Brighton,"366	",8766,40.59936,-111.58167,"160202040201	"
Bristlecone Trail,"1111	",8890,36.31575,-115.69543,"150100150206	"
Brooklyn Lake,"367	",10240,41.35885,-106.23209,"101800100502	"
Brown Duck,"368	",10574,40.58102,-110.58587,"140600030604	"
Brown Top,"1080	",5830,48.92755,-121.19713,"171100050601	"
Brumley,"369	",10600,39.08766,-106.5417,"110200010101	"
Brundage Reservoir,"370	",6250,45.04315,-116.13253,"170602100104	"
Buck Flat,"371	",9409,39.134,-111.43722,"140600090302	"
Buck Pasture,"1192	",9632,40.84456,-110.66068,"140401070301	"
Buckboard Flat,"1153	",8924,37.86943,-109.44717,"140802030103	"
Buckinghorse,"1107	",4870,47.7086,-123.45747,"171100200501	"
Bucks Lake,"BKL	",5750,39.85,-121.242,"180201230702	"
Buckskin Joe,"938	",11150,39.3035,-106.11307,"101900010102	"
Buckskin Lower,"373	",6930,41.75067,-117.53182,"160401090502	"
Buffalo Park,"913	",9240,40.22861,-106.59528,"140100010706	"
Bug Lake,"374	",7987,41.68541,-111.41987,"160102010102	"
Bumping Ridge,"375	",4610,46.81003,-121.33058,"170300020105	"
Bunchgrass Mdw,"376	",5000,48.68688,-117.17633,"170102160401	"
Burgess Junction,"377	",7880,44.78765,-107.52917,"100901010202	"
Burnside Lake,"1051	",8129,38.71943,-119.8942,"160502010107	"
Burnt Bridge Creek,"3C08P	",4360,52.46667,-126.23333,"	"
Burnt Mountain,"942	",4170,47.0444,-121.94032,"171100140103	"
Burnt Mtn,"981	",5880,45.2401,-109.45961,"100700060802	"
Burro Mountain,"378	",9400,39.87505,-107.59853,"140500050302	"
Burroughs Creek,"379	",8750,43.69733,-109.67021,"100800010102	"
Burts Miller Ranch,"1135	",8000,40.98492,-110.85075,"160101010105	"
Butte,"380	",10160,38.89433,-106.953,"140200010206	"
Calamity,"1109	",2500,45.90362,-122.21633,"170800020603	"
Calvert Creek,"381	",6430,45.8838,-113.32553,"100200040801	"
Camas Creek Divide,"382	",5710,43.26548,-115.3453,"170402200101	"
Camp Jackson,"383	",8858,37.81333,-109.48723,"140802010301	"
Canyon,"384	",7870,44.71961,-110.51084,"100700010705	"
Caples Lake,"CAP	",8000,38.71,-120.042,"180201290101	"
Carrot Basin,"385	",9000,44.96192,-111.29403,"100200080105	"
Carson Pass,"1067	",8360,38.6927,-120.0022,"180201290101	"
Casa Vieja Meadows,"CSV	",8300,36.2,-118.268,"180300010401	"
Cascade,"386	",8880,37.65083,-107.80602,"140801040201	"
Cascade #2,"387	",8920,37.658,-107.80268,"140801040201	"
Cascade Mountain,"1039	",7774,40.283,-111.60992,"160202030505	"
Cascade Summit,"388	",5100,43.59042,-122.0601,"170900010301	"
Casper Mtn.,"389	",7900,42.73389,-106.31861,"101800070804	"
Castle Creek,"1130	",8400,43.6748,-109.3774,"100800010401	"
Castle Valley,"390	",9607,37.66098,-112.74093,"160300010201	"
Cave Mountain,"1152	",10578,39.16337,-114.6133,"160600080402	"
Cayuse Pass,"1085	",5240,46.86954,-121.5343,"171100140301	"
Cedar Kiteen,"4B18P	",2992,55.15,-128.7,"	"
Cedar Pass,"391	",7030,41.58233,-120.3025,"180200020603	"
Celista Mountain,"1F06P	",5030,51.4,-118.98333,"	"
Chagoopa Plateau,"CHP	",10300,36.497,-118.442,"180300010203	"
Chalender,"1139	",7100,35.26247,-112.06231,"150602020305	"
Chalk Creek #1,"392	",9171,40.85464,-111.04765,"160201010301	"
Chalk Creek #2,"393	",8208,40.88529,-111.06954,"160201010301	"
Chamita,"394	",8400,36.95636,-106.65682,"130201020204	"
Chapman Tunnel,"1101	",10110,39.26217,-106.62931,"140100040504	"
Chemult Alternate,"395	",4850,43.22625,-121.80662,"180102010201	"
Chepeta,"396	",10499,40.77458,-110.0105,"140600031202	"
Chilkoot Meadow,"CHM	",7150,37.41,-119.49,"180400061101	"
Chilliwack River,"1D17P	",5318,49.01667,-121.7,"171100010206	"
Chisana,"1093	",3320,62.069,-142.049,"190803010305	"
Chocolate Gulch,"895	",6310,43.7685,-114.41812,"170402190301	"
Cinnabar Park,"1046	",9574,41.23837,-106.23095,"101800100503	"
Clackamas Lake,"398	",3400,45.09658,-121.75443,"170900110301	"
Clayton Springs,"983	",10049,37.9725,-111.83355,"160300020501	"
Clear Creek #1,"399	",8975,39.86671,-111.28363,"160202020102	"
Clear Creek #2,"400	",7837,39.89275,-111.25154,"160202020102	"
Clear Lake,"401	",3810,45.18832,-121.6916,"170703060901	"
Cloud Peak Reservoir,"402	",9860,44.40343,-107.06057,"100902060301	"
Clover Meadow,"403	",8600,45.01788,-111.8456,"100200070803	"
Cochetopa Pass,"1059	",10020,38.16283,-106.59883,"130100040203	"
Cold Springs,"405	",9630,43.27676,-109.44585,"100800010702	"
Cold Springs Camp,"406	",5940,42.53305,-122.17683,"180102030202	"
Coldfoot,"958	",1040,67.25333,-150.183,"190901010604	"
Cole Canyon,"982	",5910,44.48632,-104.41057,"101202030302	"
Cole Creek,"407	",7850,45.19405,-109.34548,"100700060801	"
Columbine,"408	",9160,40.3948,-106.60408,"101800010102	"
Columbine Pass,"409	",9400,38.41795,-108.38249,"140200050202	"
Columbus Basin,"904	",10785,37.44147,-108.02445,"140801050101	"
Combination,"410	",5600,46.46523,-113.39358,"170102020401	"
Cool Creek,"411	",6280,46.76361,-115.29528,"170603070702	"
Cooper Lake,"959	",1200,60.39027,-149.6936,"190203021205	"
Copeland Lake,"412	",8600,40.20778,-105.56861,"101900050202	"
Copper Bottom,"413	",5200,47.05678,-112.595,"170102030103	"
Copper Camp,"414	",6950,47.08158,-112.72955,"170102030103	"
Copper Mountain,"415	",10550,39.48954,-106.17095,"140100020302	"
Coronado Trail,"416	",8400,33.80392,-109.15282,"150400040501	"
Corral,"1236	",8207,39.65795,-110.37906,"140600070903	"
Corral Canyon,"417	",8445,40.27551,-115.54017,"160401030401	"
Corral Pass,"418	",5800,47.01872,-121.46464,"171100140307	"
Cottonwood Creek,"419	",7670,42.6459,-110.81482,"170401050102	"
Cottonwood Lakes,"CWD	",10150,36.483,-118.177,"180901030404	"
Cougar Mountain,"420	",3200,47.27666,-121.67138,"171100130202	"
County Line,"422	",4830,45.19107,-118.55015,"170601040202	"
Cozy Cove,"423	",5400,44.28846,-115.65508,"170501200403	"
Crab Creek,"424	",6900,44.437,-111.99384,"170402140108	"
Crater Meadows,"425	",5960,46.56394,-115.28903,"170603070502	"
Crazyman Flat,"1010	",6180,42.6381,-120.94917,"180102020101	"
Crescent Lake #1,"2002	",980,45.41667,-93.95,"070102030503	"
Crosho,"426	",9100,40.16745,-107.0575,"140500010106	"
Crow Creek,"1045	",8330,41.2287,-105.38278,"101900090104	"
Crowder Flat,"977	",5170,41.89318,-120.75202,"180102040103	"
Crystal Lake,"427	",6050,46.78942,-109.51205,"100401030204	"
Css Lab,"428	",6894,39.32565,-120.36807,"180201250602	"
Culebra #2,"430	",10500,37.20945,-105.19959,"130100020902	"
Cumbres Trestle,"431	",10040,37.01878,-106.45179,"130201020203	"
Currant Creek,"432	",7915,40.35747,-111.08993,"140600040401	"
Daisy Peak,"919	",7600,46.66858,-110.33022,"100402010106	"
Daly Creek,"433	",5780,46.18367,-113.8533,"170102050901	"
Daly Lake,"434	",3690,44.52147,-122.08718,"170900060101	"
Dana Meadows,"DAN	",9800,37.897,-119.257,"180400090102	"
Daniels-Strawberry,"435	",8008,40.2953,-111.25677,"140600040101	"
Darkhorse Lake,"436	",8945,45.17367,-113.58448,"100200040301	"
Deadman Creek,"437	",6450,46.79279,-110.67545,"100301030401	"
Deadman Creek,"DDM	",9250,38.332,-119.653,"180400100203	"
Deadman Hill,"438	",10220,40.80571,-105.76993,"101900070502	"
Deadwood Summit,"439	",6860,44.54514,-115.5638,"170501200401	"
Deer Park,"923	",9700,42.59076,-108.90273,"100800030101	"
Derr.,"440	",5850,44.4465,-119.93012,"170703040401	"
Devils Postpile,"DPO	",7569,37.629,-119.085,"180400060402	"
Diamond Lake,"442	",5280,43.18787,-122.14003,"171003010204	"
Diamond Peak,"443	",8017,39.56361,-115.84421,"160600051503	"
Dills Camp,"444	",9228,39.04554,-111.46875,"140700020201	"
Disaster Peak,"445	",6260,41.96737,-118.18934,"160402010201	"
Dismal Swamp,"446	",7360,41.99127,-120.18033,"171200070304	"
Divide,"448	",7800,44.79317,-112.05645,"100200030102	"
Divide Peak,"449	",8880,41.30398,-107.15241,"140500030203	"
Dollarhide Summit,"450	",8420,43.6025,-114.67417,"170402190201	"
Dome Lake,"451	",8880,44.57462,-107.29537,"100901010102	"
Dome Mountain,"1A19P	",5801,53.61667,-121.01667,"	"
Donkey Reservoir,"452	",9799,38.2084,-111.47412,"140700030305	"
Dorsey Basin,"453	",7903,40.89343,-115.21104,"160401010604	"
Draw Creek,"454	",7285,41.66198,-115.32397,"160401010403	"
Dry Bread Pond,"455	",8302,41.41289,-111.5377,"160102030101	"
Dry Creek,"1243	",6555,40.8638,-115.22014,"160401010601	"
Dry Fork,"906	",7093,40.56533,-112.17343,"160202040106	"
Dry Lake,"457	",8400,40.53397,-106.7813,"140500010409	"
Dungeness,"943	",4010,47.87224,-123.0788,"171100200301	"
Dupuyer Creek,"458	",5750,48.06341,-112.7573,"100302010501	"
EF Blacks Fork GS,"1163	",9360,40.88472,-110.54056,"140401070302	"
East Boulder Mine,"1105	",6335,45.50381,-110.08019,"100700020701	"
East Creek,"2D08P	",6575,50.63333,-116.91667,"170101090000	"
East Rim Divide,"460	",7930,43.13097,-110.2023,"170401030203	"
East Willow Creek,"461	",8302,39.31213,-109.53179,"140600060205	"
Easy Pass,"998	",5270,48.85933,-121.43895,"171100010101	"
Ebbetts Pass,"462	",8661,38.5497,-119.80468,"160502010104	"
Echo Lake,"936	",10600,39.65627,-105.59345,"101900020801	"
Echo Peak,"463	",7653,38.849,-120.0795,"160501010303	"
Eilertson Meadows,"464	",5510,44.86887,-118.11387,"170502030404	"
El Diente Peak,"465	",10000,37.78617,-108.02155,"140300020202	"
Elbow Lake,"910	",3040,48.69092,-121.90893,"171100040401	"
Elk Butte,"466	",5690,46.83998,-116.12233,"170603080701	"
Elk Cabin,"921	",8210,35.7043,-105.80675,"130202010102	"
Elk Peak,"1106	",7600,46.4845,-110.7125,"100402010203	"
Elk River,"467	",8700,40.84781,-106.96871,"140500010206	"
Elkhart Park G.S.,"468	",9400,43.00657,-109.75893,"140401020103	"
Elkhead Divide,"1252	",8780,40.79649,-107.10122,"140500010601	"
Elliot Ridge,"1120	",10520,39.864,-106.4246,"140100020602	"
Emery Creek,"469	",4350,48.43412,-113.93725,"170102090703	"
Emigrant Springs,"470	",3800,45.55808,-118.45383,"170701030501	"
Emigrant Summit,"471	",7390,42.36055,-111.56085,"160102020206	"
Evening Star,"472	",9200,44.65258,-109.78422,"100700060301	"
Exit Glacier,"1092	",400,60.19033,-149.62117,"190202020508	"
Fairbanks F.O.,"1174	",450,64.85,-147.8,"190803060907	"
Fallen Leaf,"473	",6242,38.93403,-120.0545,"160501010401	"
Farewell Gap,"FRW	",9500,36.412,-118.583,"180300070202	"
Farmington,"474	",7902,40.97462,-111.80975,"160201020502	"
Farmington Lower,"1054	",6779,40.992,-111.81702,"160201020502	"
Farnsworth Lake,"475	",9623,38.77246,-111.67662,"160300030405	"
Fawn Creek,"476	",7031,41.82098,-116.10153,"170501040304	"
Fielding Lake,"1268	",3000,63.20267,-145.6305,"190803040302	"
Fish Creek,"477	",7660,42.70992,-118.6321,"171200030107	"
Fish Lake,"478	",3430,47.53565,-121.08553,"170300010102	"
Fish Lake Utah,"1149	",8798,38.50455,-111.76693,"140700030108	"
Fish Lk.,"479	",4660,42.3801,-122.34943,"171003070801	"
Fisher Creek,"480	",9100,45.06235,-109.94488,"100700060202	"
Five Points Lake,"481	",10943,40.71785,-110.46721,"140600030701	"
Flattop Mtn.,"482	",6300,48.80225,-113.85713,"170102070501	"
Floe Lake,"2C14P	",6923,51.05,-116.13333,"170101070000	"
Flower Mountain,"1285	",2510,59.39617,-136.28123,"190103031206	"
Fool Creek,"1186	",11150,39.8687,-105.8675,"140100010203	"
Forestdale Creek,"1049	",8017,38.68245,-119.9597,"160502010301	"
Forni Ridge,"FRN	",7600,38.805,-120.213,"180201290302	"
Fort Valley,"1121	",7350,35.26806,-111.74486,"150200150102	"
Four Trees,"FOR	",5150,39.813,-121.321,"180201210801	"
Fourmile Lake,"483	",5970,42.43933,-122.2288,"180102030202	"
Franklin Basin,"484	",8140,42.0505,-111.6012,"160102020501	"
Fredonyer Peak,"1277	",7208,40.68799,-120.60805,"180800030304	"
Fremont Pass,"485	",11400,39.37991,-106.19681,"140100020301	"
Frisco Divide,"486	",8000,33.73646,-108.94502,"150400040303	"
Frohner Meadow,"487	",6480,46.43545,-112.19277,"100301011305	"
Fry,"488	",7200,35.07297,-111.84374,"150602020501	"
Fry Canyon,"1262	",6798,41.57022,-115.93645,"160401020101	"
GBRC HQ,"1221	",8801,39.32019,-111.48827,"160300040307	"
GBRC Meadows,"1222	",9858,39.30229,-111.45383,"160300040307	"
Galena,"489	",7470,43.87722,-114.6725,"170402190101	"
Galena AK,"429	",410,64.69662,-156.71497,"190902051104	"
Galena Summit,"490	",8780,43.87497,-114.71363,"170402190101	"
Gallegos Peak,"491	",9800,36.19446,-105.55795,"130201010502	"
Garden City Summit,"1114	",7705,41.9215,-111.4693,"160102010106	"
Gardner Peak,"1066	",8322,37.40083,-113.45988,"150100080701	"
Garfield R.S.,"492	",6560,43.6104,-113.9308,"170402210301	"
Garita Peak,"1173	",10160,36.005,-106.54838,"130202020201	"
Garver Creek,"918	",4250,48.97523,-115.81915,"170101030202	"
Gem Pass,"GEM	",10750,37.78,-119.17,"180901010301	"
George Creek,"1151	",8964,41.91562,-113.41154,"170402100401	"
Gerber Reservoir,"945	",4890,42.2062,-121.1334,"180102040508	"
Gianelli Meadow,"GNL	",8400,38.205,-119.892,"180400100501	"
Giant Forest,"GNF	",6650,36.562,-118.765,"180300070402	"
Gin Flat,"GIN	",7050,37.767,-119.773,"180400090701	"
Giveout,"493	",6930,42.4132,-111.1663,"160102010401	"
Glacial Ridge,"2050	",1125,47.71667,-96.26667,"090203030503	"
Glen Cove,"1057	",11460,38.87583,-105.07367,"110200030201	"
Golconda,"1195	",6616,40.88358,-117.58812,"160401080102	"
Gold Axe Camp,"1159	",5360,48.9516,-118.9864,"170200021204	"
Gold Center,"494	",5410,44.7638,-118.3117,"170702020202	"
Gold Lake,"GOL	",6750,39.675,-120.615,"180201250202	"
Gold Mountain,"1256	",4390,48.18934,-118.4559,"170200011703	"
Gooseberry RS,"495	",7944,38.80034,-111.68333,"160300030405	"
Gooseberry RS Up,"1184	",8396,38.7882,-111.68892,"160300030405	"
Graham Guard Sta.,"496	",5690,43.9538,-115.27387,"170501110303	"
Grand Targhee,"1082	",9260,43.77933,-110.92783,"170402040202	"
Grandview,"956	",1100,60.60832,-149.06313,"190203021001	"
Granite Creek,"497	",6770,43.34298,-110.43495,"170401030304	"
Granite Crk,"963	",1240,63.94382,-145.39993,"190803031306	"
Granite Peak,"498	",8503,41.67032,-117.56668,"160401090601	"
Grano Creek,"2E07P	",6148,49.55,-118.66667,"170200020403	"
Grassy Lake,"499	",7265,44.12612,-110.83435,"170402030202	"
Grave Creek,"500	",4300,48.91453,-114.76663,"170101010801	"
Grave Springs,"501	",8550,43.46643,-107.23977,"100902010103	"
Grayback,"1058	",11620,37.47033,-106.53783,"130100020101	"
Greek Store,"GKS	",5600,39.075,-120.558,"180201280301	"
Green Lake,"502	",5920,46.54741,-121.17093,"170300030101	"
Green Mountain,"1C12P	",5794,50.78333,-122.91667,"	"
Green Mountain,"503	",8185,40.3848,-115.52757,"160401030401	"
Green Mountain,"GRM	",7900,37.555,-119.238,"180400060502	"
Greenpoint,"504	",3310,45.62237,-121.70415,"170701050603	"
Grizzly Peak,"505	",11100,39.64631,-105.86973,"140100020201	"
Grizzly Ridge,"GRZ	",6900,39.917,-120.645,"180201230401	"
Gros Ventre Summit,"506	",8750,43.38939,-110.12943,"170401020203	"
Grouse Camp,"507	",5390,47.28107,-120.48771,"170300010401	"
Grouse Creek Divide,"964	",700,60.25965,-149.34228,"190203020902	"
Gulkana River,"2222	",1830,62.40962,-145.37513,"190201020604	"
Gunsight Pass,"944	",9820,43.38332,-109.87815,"170401020102	"
Gutz Peak,"1065	",6763,37.49617,-113.94235,"150100100101	"
Hagans Meadow,"508	",7742,38.8519,-119.9374,"160501010302	"
Hams Fork,"509	",7840,42.146,-110.67833,"140401070504	"
Hand Creek,"510	",5035,48.30754,-114.84075,"170102100304	"
Hannagan Meadows,"511	",9020,33.65387,-109.30952,"150601010107	"
Hansen Sawmill,"512	",8360,44.25602,-106.97983,"100902060101	"
Happy Jack,"969	",7630,34.74598,-111.41207,"150602020604	"
Hardscrabble,"896	",7250,40.86833,-111.71865,"160201020105	"
Harkness Flat,"HRK	",6200,40.418,-121.275,"180201210401	"
Harris Flat,"514	",7792,37.48997,-112.57602,"160300010104	"
Harts Pass,"515	",6490,48.72047,-120.6586,"171100050501	"
Hawkins Lake,"516	",6450,48.9723,-115.95337,"170101050201	"
Hawley Lake,"1271	",8300,33.97142,-109.76528,"150601020106	"
Hayden Fork,"517	",9130,40.79669,-110.88472,"160101010101	"
Hayden Pass,"1102	",10720,38.29326,-105.8505,"130100030301	"
Heavenly Valley,"518	",8534,38.92431,-119.91641,"160501010302	"
Heber,"519	",7640,34.31202,-110.75431,"150200100201	"
Hedrick Lake,"1A14P	",3668,54.1,-121,"	"
Heen Latinee,"1270	",2065,58.69652,-134.86448,"190103010401	"
Hemlock Butte,"520	",5810,46.48111,-115.63361,"170603070601	"
Hewinta,"521	",9500,40.95009,-110.48419,"140401070203	"
Hickerson Park,"522	",9122,40.90663,-109.96287,"140401060501	"
Hidden Lake,"988	",5040,48.8937,-116.75748,"170101040502	"
High Lonesome,"1187	",10620,40.03592,-105.75471,"140100010205	"
High Ridge,"523	",4920,45.69682,-118.10657,"170701030103	"
Highland Lakes,"HIG	",6030,41.093,-122.483,"180102110302	"
Highland Meadow,"HHM	",8700,38.49,-119.805,"180400120102	"
Hilts Creek,"524	",8000,44.01897,-113.4723,"170402170401	"
Hobble Creek,"1223	",7377,40.18538,-111.35971,"160202020304	"
Hobbs Park,"525	",10100,42.86984,-109.09455,"100800030207	"
Hogg Pass,"526	",4790,44.42042,-121.85655,"170900040201	"
Hole-in-Mountain,"527	",8163,40.94168,-115.0954,"160600071602	"
Hole-in-Rock,"528	",9168,40.92167,-110.18623,"140401060205	"
Holland Meadows,"529	",4930,43.66917,-122.56877,"170900020201	"
Hoodoo Basin,"530	",6050,46.9751,-115.0349,"170102040607	"
Hoosier Pass,"531	",11400,39.36127,-106.05978,"140100020101	"
Hopewell,"532	",10000,36.71631,-106.26348,"130201021401	"
Horse Meadow,"1050	",8557,38.83652,-119.88732,"160502010302	"
Horse Meadow,"HRS	",8400,38.158,-119.662,"180400090402	"
Horse Ridge,"533	",8199,41.31372,-111.44624,"160201010601	"
Hourglass Lake,"1122	",9380,40.57913,-105.63068,"101900070101	"
Howard Prairie,"1158	",4580,42.215,-122.3713,"180102060401	"
Howell Canyon,"534	",7980,42.32029,-113.61587,"170402090602	"
Hubbard Brook,"2069	",1480,43.93333,-71.71667,"010700010205	"
Huckleberry Creek,"928	",2250,47.06565,-121.58778,"171100140307	"
Humboldt Gulch,"535	",4250,47.53178,-115.77643,"170103020102	"
Humbug,"HMB	",6500,40.115,-121.368,"180201210502	"
Huntington Horse,"1216	",9652,39.61774,-111.30576,"140600070201	"
Huntington Lake,"HNT	",7000,37.228,-119.221,"180400060904	"
Huysink,"HYS	",6600,39.282,-120.527,"180201280103	"
Hyndman,"537	",7620,43.71077,-114.15894,"170402190402	"
Idarado,"538	",9800,37.9339,-107.67552,"140200060201	"
Independence Camp,"539	",6980,39.45269,-120.29367,"160501020102	"
Independence Creek,"540	",6436,39.49001,-120.28226,"160501020102	"
Independence Lake,"541	",8338,39.42752,-120.31342,"160501020104	"
Independence Mine,"1091	",3550,61.79117,-149.27967,"190205051202	"
Independence Pass,"542	",10600,39.07539,-106.61169,"140100040101	"
Indian Canyon,"543	",9171,39.89166,-110.74604,"140600040701	"
Indian Creek,"544	",9425,42.30023,-110.67753,"140401070502	"
Indian Pass,"946	",2350,61.06767,-149.4795,"190203020701	"
Indian Rock,"1129	",5360,45.99077,-120.80767,"170701060301	"
Irish Taylor,"545	",5540,43.80368,-121.94793,"170703010106	"
Island Park,"546	",6290,44.4203,-111.38512,"170402020601	"
Ivanhoe,"547	",10400,39.29202,-106.54923,"140100040501	"
JL Meadow,"1287	",8800,44.77665,-113.12217,"100200011202	"
Jack Creek Upper,"548	",7377,41.54675,-116.00517,"170501050201	"
Jack Wade Jct,"1275	",3585,64.1529,-141.32693,"190705022204	"
Jackson Peak,"550	",7070,44.05092,-115.44322,"170501200304	"
Jackwhacker Gulch,"935	",10960,39.56667,-105.8,"101900020201	"
Joe Wright,"551	",10120,40.53215,-105.887,"101900070204	"
Jones Corral,"1099	",9749,38.07125,-112.16788,"160300020507	"
Jones Pass,"970	",10400,39.7645,-105.90623,"140100010402	"
Jump Creek,"3B23P	",3720,48.96667,-124.26667,"	"
Jump Off Joe,"552	",3520,44.38605,-122.16683,"170900060201	"
June Lake,"553	",3440,46.14778,-122.15413,"170800020304	"
Kaiser Point,"KSP	",9200,37.3,-119.1,"180400060803	"
Kalamazoo,"1150	",7775,39.5579,-114.62762,"160600080700	"
Kelley R.S.,"554	",8180,42.26554,-110.80177,"140401070501	"
Kelly Station,"1175	",310,67.93333,-162.28333,"190504030802	"
Kenai Moose Pens,"966	",300,60.727,-150.47517,"190203021601	"
Kendall R.S.,"555	",7740,43.2493,-110.01662,"140401010302	"
Kettle Rock,"KTL	",7300,40.14,-120.715,"180201220601	"
Kilfoil Creek,"1145	",7220,41.24764,-111.41249,"160201010603	"
Kiln,"556	",9600,39.31724,-106.61453,"140100040504	"
Kimberly Mine,"557	",9101,38.48383,-112.39273,"160300030104	"
Kinaskan Lake,"4D11P	",3346,57.56667,-130.25,"	"
King Mountain,"558	",4340,42.72395,-123.20037,"171003020701	"
Kings Cabin,"559	",8728,40.71632,-109.54401,"140600100303	"
Kirwin,"560	",9550,43.86067,-109.32163,"100800090101	"
Klondike Narrows,"1115	",7250,41.96769,-111.59713,"160102030302	"
Kolob,"561	",9263,37.52664,-113.05386,"150100080102	"
Kostal Lake,"1E10P	",5774,52.2,-120.01667,"	"
Kraft Creek,"562	",4750,47.42749,-113.77515,"170102110104	"
Kwadacha River,"4A27P	",5561,57.61667,-125.06667,"	"
Lake Creek R.S.,"563	",5240,44.21007,-118.63752,"170501160102	"
Lake Eldora,"564	",9700,39.93678,-105.58956,"101900050402	"
Lake Irene,"565	",10700,40.41432,-105.8198,"140100010302	"
Lake Lois,"LOS	",8600,38.925,-120.197,"180201280201	"
Lakefork #1,"566	",10128,40.59709,-110.43316,"140600030705	"
Lakefork #3,"1116	",8464,40.5502,-110.3529,"140600030705	"
Lakefork Basin,"513	",10885,40.73785,-110.62121,"140600030601	"
Lakeview Ridge,"568	",7400,44.58907,-111.82498,"100200010105	"
Lamance Creek,"569	",6395,41.51542,-117.63197,"160401090603	"
Lamoille #3,"570	",8051,40.6448,-115.3812,"160401010607	"
Laprele Creek,"571	",8375,42.43583,-105.86083,"101800071201	"
Larsen Creek,"1134	",9000,42.5801,-109.0883,"101800060101	"
Lasal Mountain,"572	",9578,38.48226,-109.27198,"140300050404	"
Lasal Mountain-Lower,"1215	",8783,38.48167,-109.29164,"140300050404	"
Laurel Draw,"573	",6682,41.77637,-116.02957,"170501040202	"
Leavitt Lake,"574	",9604,38.27594,-119.61281,"160503020104	"
Leavitt Meadows,"575	",7198,38.30367,-119.55111,"160503020104	"
Lee Canyon,"1112	",8626,36.30537,-115.67508,"150100150206	"
Lemhi Ridge,"576	",8100,44.9938,-113.44399,"100200011106	"
Lewis Lake Divide,"577	",7850,44.20862,-110.66628,"170401010104	"
Lewis Peak,"1006	",7400,40.35757,-116.86492,"160401070903	"
Lick Creek,"578	",6860,45.5041,-110.96625,"100200081001	"
Lightning Ridge,"1056	",8215,41.35891,-111.48749,"160201020201	"
Lily Lake,"579	",9133,40.86493,-110.79813,"160101010103	"
Lily Pond,"580	",11000,37.37929,-106.54835,"130100020302	"
Little Bear,"582	",6548,41.40562,-111.82607,"160102030103	"
Little Chena Ridge,"947	",2000,65.12422,-146.7339,"190803060706	"
Little Goose,"1131	",8870,44.54315,-107.17865,"100901010105	"
Little Grassy,"583	",6065,37.48631,-113.84582,"160300061302	"
Little Meadows,"584	",4020,44.61297,-122.22565,"170900060301	"
Little Snake River,"1047	",8915,41.07053,-106.94283,"140500030103	"
Little Valley,"1242	",6493,39.25259,-119.8771,"160501020301	"
Little Warm,"585	",9370,43.50278,-109.752,"100800010212	"
Lizard Head Pass,"586	",10200,37.79926,-107.92426,"140300020201	"
Lobdell Lake,"587	",9249,38.43745,-119.36572,"160503020201	"
Lolo Pass,"588	",5240,46.63448,-114.58072,"170102051401	"
Lone Cone,"589	",9600,37.89183,-108.19544,"140300030302	"
Lone Mountain,"590	",8880,45.27412,-111.42692,"100200080201	"
Lone Pine,"591	",3930,46.27143,-121.96288,"170800020203	"
Lonesome Beaver,"1261	",9410,38.07,-110.77241,"140700010301	"
Long Draw Resv,"1123	",9980,40.5123,-105.7656,"101900070203	"
Long Flat,"592	",7982,37.51255,-113.39661,"160300061403	"
Long Lake,"1001	",850,58.186,-133.83217,"190102060505	"
Long Valley,"1016	",4890,44.78835,-116.08878,"170501230206	"
Long Valley Jct,"593	",7465,37.48756,-112.51458,"150100080201	"
Lookout,"594	",5190,47.45749,-115.70457,"170103020101	"
Lookout Mountain,"595	",8500,33.36027,-107.83122,"150400010402	"
Lookout Peak,"596	",8161,40.83731,-111.70965,"160202040302	"
Loomis Park,"597	",8240,43.17387,-110.14007,"140401010201	"
Lost Creek Resv,"1118	",6082,41.22155,-111.35947,"160201010603	"
Lost Dog,"940	",9320,40.81588,-106.74835,"140500010203	"
Lost Horse,"599	",5120,46.3575,-121.08095,"170300030302	"
Lost Lake,"600	",6110,47.0809,-115.9604,"170603080101	"
Lost-Wood Divide,"601	",7900,43.82432,-114.26402,"170402190304	"
Louis Meadow,"972	",6700,40.83033,-111.76457,"160202040304	"
Loveland Basin,"602	",11400,39.67433,-105.90133,"101900040102	"
Lower Kibbie Ridge,"KIB	",6700,38.032,-119.877,"180400090303	"
Lower Lassen Peak,"LLP	",8250,40.468,-121.507,"180201560301	"
Lower Relief Valley,"REL	",8100,38.243,-119.758,"180400100201	"
Lower Twin,"603	",7900,45.50871,-111.92288,"100200071101	"
Lu Lake,"4B15P	",4291,54.18333,-126.3,"	"
Lubrecht Flume,"604	",4680,46.88293,-113.32228,"170102031204	"
Lucky Strike,"605	",4970,45.27478,-118.8479,"170701030606	"
Lye Brook,"2042	",2435,43.05,-73.03333,"020200030202	"
Lyman Lake,"606	",5980,48.19798,-120.91678,"170200090203	"
Lynn Lake,"1069	",3900,47.20172,-121.77972,"171100130203	"
Lynx Pass,"607	",8880,40.07806,-106.67028,"140100011001	"
MF Nooksack,"1011	",4970,48.82453,-121.92951,"171100040303	"
Madison Butte,"608	",5150,45.10513,-119.49585,"170702041101	"
Madison Plateau,"609	",7750,44.58623,-111.11627,"100200070204	"
Magic Mountain,"610	",6880,42.18072,-114.28662,"170402120601	"
Mahantango Ck,"2028	",730,40.66667,-76.66667,"020503010801	"
Mammoth Pass,"MHP	",9300,37.61,-119.033,"180901020204	"
Mammoth-Cottonwood,"612	",8709,39.68338,-111.31818,"160300040203	"
Mancos,"905	",10000,37.43087,-108.16954,"140801070102	"
Many Glacier,"613	",4900,48.79698,-113.6705,"090400010201	"
Marion Forks,"614	",2590,44.59397,-121.97365,"170900050205	"
Marlette Lake,"615	",7884,39.16395,-119.89672,"160501010201	"
Marquette,"616	",8760,44.3016,-109.24019,"100800130303	"
Marten Ridge,"999	",3520,48.76292,-121.69823,"171100051004	"
Mascoma River,"2043	",1400,43.78333,-72.03333,"010801060101	"
Maverick Fork,"617	",9200,33.92121,-109.45881,"150601010104	"
May Creek,"1096	",1610,61.34783,-142.70967,"190201031603	"
Mc Clure Pass,"618	",9500,39.12897,-107.28806,"140200040203	"
McBride Upper,"1A02P	",5276,53.3,-120.31667,"	"
Mccoy Park,"1040	",9480,39.60468,-106.54128,"140100030302	"
Mckenzie,"619	",4770,44.2103,-121.87292,"170900040207	"
Mcknight Cabin,"1048	",9240,33.00812,-107.86975,"130302020103	"
Mcneil Canyon,"1003	",1320,59.74433,-151.25133,"190203010806	"
Meadow Lake,"620	",9150,44.43655,-113.31815,"170602040101	"
Meadow Lake,"MDW	",7200,39.417,-120.508,"180201250601	"
Meadows Pass,"897	",3230,47.28312,-121.47197,"171100120101	"
Med Bow,"1196	",10500,41.37833,-106.34681,"101800040302	"
Medano Pass,"914	",9649,37.85164,-105.43614,"130100030604	"
Medicine Lake,"MED	",6700,41.587,-121.613,"180200030301	"
Merchant Valley,"621	",8705,38.30285,-112.43637,"160300070201	"
Mesa Lakes,"622	",10000,39.05831,-108.05835,"140100051307	"
Mica Creek,"623	",4510,47.15045,-116.26643,"170103040604	"
Michigan Creek,"937	",10600,39.43577,-105.91078,"101900010404	"
Middle Boulder 3,"MB3	",6200,41.225,-122.811,"180102080201	"
Middle Creek,"624	",11250,37.61978,-107.03482,"130100010501	"
Middle Fork Camp,"1014	",8940,39.7956,-106.0273,"140100010402	"
Middle Powder,"625	",7760,43.62728,-107.18138,"100800080205	"
Midway Valley,"626	",9827,37.56933,-112.83849,"160300010101	"
Milk Shakes,"1079	",5580,45.9821,-117.94883,"170701020201	"
Mill Creek Summit,"627	",8800,44.47212,-114.48992,"170602010501	"
Mill-D North,"628	",8963,40.65883,-111.63683,"160202040201	"
Miller Woods,"1084	",420,45.24755,-123.27563,"170900080606	"
Mineral Creek,"629	",10040,37.84747,-107.72657,"140801040103	"
Mining Fork,"631	",8295,40.49384,-112.61141,"160203040503	"
Mission Creek,"2F05P	",5886,49.93333,-118.93333,"170200060703	"
Mission Ridge,"1C18P	",6243,50.75,-122.2,"	"
Mitchell Meadow,"MTM	",9900,36.737,-118.712,"180300100401	"
Molas Lake,"632	",10500,37.74932,-107.68866,"140801040302	"
Molson Creek,"2A21P	",6332,52.21667,-118.21667,"170200190000	"
Monitor Pass,"633	",8306,38.6683,-119.6087,"160502010201	"
Monte Cristo,"634	",8932,41.46547,-111.49688,"160102030201	"
Monument Creek,"949	",1850,65.07833,-145.87067,"190803060402	"
Monument Peak,"635	",8850,45.21759,-110.237,"100700020902	"
Moon Pass,"1124	",11140,37.96661,-106.55837,"130100040201	"
Moonshine,"636	",7440,44.4147,-113.39812,"170402170201	"
Moose Creek,"638	",6200,45.67008,-113.95315,"170602030601	"
Moraine,"1035	",2100,61.37727,-148.99917,"190204010103	"
Mores Creek Summit,"637	",6100,43.932,-115.66588,"170501110503	"
Morgan Creek,"639	",7600,44.84237,-114.26871,"170602030901	"
Mormon Mountain,"640	",7500,34.94109,-111.51849,"150200150201	"
Mormon Mtn Summit,"1125	",8500,34.96964,-111.50922,"150200150202	"
Morrissey Ridge,"2C09Q	",6102,49.45,-114.96667,"170101060804	"
Morse Lake,"642	",5410,46.90585,-121.4827,"170300020106	"
Mosby Mtn.,"643	",9553,40.60798,-109.8881,"140600100702	"
Moscow Mountain,"989	",4700,46.805,-116.8535,"170603061002	"
Moses Mtn,"644	",5010,48.36163,-119.08159,"170200061903	"
Mosley Creek Upper,"3A24P	",5430,51.76667,-124.61667,"	"
Mosquito Ridge,"645	",5260,48.05726,-116.23055,"170103010101	"
Moss Peak,"646	",6780,47.68493,-113.9623,"170102080404	"
Moss Springs,"647	",5760,45.27173,-117.68747,"170601040702	"
Mount Cook,"1E02P	",5164,52.16667,-119.31667,"	"
Mount Crag,"648	",3960,47.7637,-123.026,"171100180601	"
Mount Gardner,"898	",2920,47.35768,-121.56812,"171100120103	"
Mount Lockhart,"649	",6400,47.91727,-112.8238,"100302050102	"
Mount Mansfield,"2041	",2236,44.53333,-72.83333,"041504050201	"
Mount Pondosy,"1B08P	",4636,53.15,-126.86667,"	"
Mount Revelstoke,"2A06P	",5807,51.03333,-118.13333,"170200210000	"
Mount Wells,"1B01P	",4885,53.71667,-126.41667,"	"
Mountain Meadows,"650	",6320,45.69694,-115.22972,"170603020301	"
Mowich,"941	",3160,46.92833,-121.95232,"171100140105	"
Moyie Mountain,"2C10P	",6037,49.25,-115.76667,"170101050304	"
Mt Baldy,"1224	",9524,39.13648,-111.50527,"160300040402	"
Mt Hood Test Site,"651	",5370,45.32097,-121.7158,"170800010302	"
Mt Pennell,"1269	",9209,37.97793,-110.7933,"140700010502	"
Mt Rose Ski Area,"652	",8801,39.31573,-119.89473,"160501020304	"
Mt. Alyeska,"1103	",1540,60.95983,-149.08617,"190203020702	"
Mt. Eyak,"1073	",1405,60.55,-145.745,"190202010200	"
Mt. Howard,"653	",7910,45.26522,-117.17373,"170601050102	"
Mt. Ryan,"948	",2800,65.25113,-146.15133,"190803060404	"
Muckamuck,"1259	",4470,48.58526,-119.86624,"170200062001	"
Mud Flat,"654	",5730,42.6004,-116.55925,"170501041401	"
Mud Ridge,"655	",4070,45.25362,-121.73673,"170800010302	"
Mule Creek,"656	",8300,45.40957,-112.95927,"100200041303	"
Mumbo Basin,"MUM	",5650,41.197,-122.523,"180102110301	"
Munson Ridge,"950	",3100,64.85033,-146.20945,"190803060602	"
Myrtle Creek,"1053	",3520,48.72263,-116.46312,"170101040701	"
N Fk Elk Creek,"657	",6250,46.8716,-113.27725,"170102031204	"
Nast Lake,"658	",8700,39.29722,-106.60694,"140100040504	"
Navajo Whiskey Ck,"1138	",9050,36.17728,-108.94691,"140802040206	"
Nevada Ridge,"903	",7020,46.84234,-112.50787,"170102030302	"
Never Summer,"1031	",10280,40.40405,-105.95583,"101800010401	"
New Crescent Lake,"660	",4910,43.51185,-121.97982,"170703020205	"
New Fork Lake,"661	",8340,43.11265,-109.94947,"140401020201	"
Nez Perce Camp,"662	",5650,45.73107,-114.48075,"170102050204	"
Niwot,"663	",9910,40.03523,-105.54426,"101900050401	"
Noel Spring,"NLS	",5100,39.538,-122.667,"180201150402	"
Noisy Basin,"664	",6040,48.15678,-113.94637,"170102080208	"
North Costilla,"665	",10600,36.99378,-105.25963,"130201010101	"
North Fork,"666	",3060,45.5505,-122.00283,"170800010503	"
North Fork Jocko,"667	",6330,47.2726,-113.75617,"170102120702	"
North French Creek,"668	",10130,41.3308,-106.37555,"101800020502	"
North Lost Trail,"669	",9200,39.07813,-107.14389,"140100040703	"
North Rapid Creek,"920	",6130,44.20617,-103.78758,"101201100101	"
Northeast Entrance,"670	",7350,45.00565,-110.01406,"100700010602	"
Nostetuko River,"3A22P	",4780,51.23333,-124.45,"	"
Nutrioso,"1127	",8500,33.89747,-109.15517,"150400040301	"
ONeil Creek,"1272	",6520,41.8642,-115.08316,"170402130106	"
Oak Creek,"1146	",7850,39.3485,-112.32639,"160300051505	"
Ochoco Meadows,"671	",5430,44.42917,-120.3311,"170703050201	"
Olallie Meadows,"672	",4030,47.37406,-121.44213,"171100100301	"
Old Battle,"673	",10000,41.15397,-106.96937,"101800020901	"
Onion Park,"1008	",7410,46.91348,-110.8536,"100301030801	"
Ostrander Lake,"STR	",8200,37.637,-119.55,"180400080106	"
Overland Res.,"675	",9840,39.09056,-107.63472,"140200040101	"
Owl Creek,"676	",8975,43.65868,-109.00988,"100800070103	"
Oxford Spring,"677	",6740,42.26015,-112.12515,"160102040206	"
Palo,"1170	",9350,36.40848,-105.33063,"130201010601	"
Panguitch Lake RS,"1148	",8350,37.70463,-112.65037,"160300010402	"
Paradise,"679	",5130,46.78265,-121.74765,"171100150104	"
Paradise Meadow,"PDS	",7650,38.047,-119.67,"180400090503	"
Park Cone,"680	",9600,38.81996,-106.58974,"140200010107	"
Park Creek Ridge,"681	",4600,48.44488,-120.91551,"170200090106	"
Park Mountain,"1F03P	",6093,50.43333,-118.61667,"	"
Park Reservoir,"682	",9960,39.04644,-107.87414,"140200050111	"
Parker Peak,"683	",9400,44.73396,-109.91484,"100700010502	"
Parleys Summit,"684	",7585,40.76184,-111.62917,"160201020103	"
Parrish Creek,"971	",7740,40.93417,-111.81372,"160201020501	"
Pascoes,"PSC	",9150,35.967,-118.35,"180300010506	"
Payson R.S.,"686	",8044,39.92976,-111.63109,"160202020601	"
Peavine Ridge,"687	",3420,45.04148,-121.93252,"170900110306	"
Pepper Creek,"1104	",2140,46.10242,-121.95555,"170800020111	"
Peterson Flat,"PET	",7150,41.302,-122.528,"180102110201	"
Peterson Meadows,"930	",7200,46.12588,-113.30792,"170102020101	"
Phantom Valley,"688	",9030,40.39937,-105.84757,"140100010302	"
Phillips Bench,"689	",8200,43.51687,-110.91258,"170401030504	"
Pickfoot Creek,"690	",6650,46.57978,-111.26832,"100301030501	"
Pickle Keg,"691	",9020,39.01219,-111.58259,"160300030402	"
Pierce R.S.,"1142	",3080,46.49597,-115.7957,"170603060401	"
Pigtail Peak,"692	",5800,46.62153,-121.38643,"170300020301	"
Pike Creek,"693	",5930,48.30305,-113.32868,"100302010103	"
Pilot Peak,"PLP	",6800,39.786,-120.875,"180201230601	"
Pine Creek,"694	",8734,38.88185,-112.24915,"160300051307	"
Pine Creek Pass,"695	",6720,43.56998,-111.21157,"170402040101	"
Pine Pass,"4A02P	",4547,55.35,-122.63333,"	"
Pinto Rock,"1263	",4440,46.32318,-121.94219,"170800040405	"
Placer Basin,"696	",8830,45.41905,-110.08844,"100700020701	"
Pocket Creek,"1133	",9360,42.7121,-109.4112,"140401020505	"
Poison Flat,"697	",7736,38.50576,-119.62624,"160502010102	"
Poison Ridge,"PSR	",6900,37.403,-119.52,"180400061101	"
Pole Canyon,"1244	",7760,40.86293,-115.12067,"160600071101	"
Pole Creek R.S.,"698	",8360,41.87255,-115.24713,"170501021002	"
Poorman Creek,"932	",5100,48.12672,-115.62333,"170101011301	"
Pope Ridge,"699	",3590,47.9909,-120.56622,"170200100204	"
Porcupine,"700	",6500,46.11192,-110.4696,"100700030303	"
Porphyry Creek,"701	",10760,38.48884,-106.33965,"140200030105	"
Port Graham,"987	",300,59.35065,-151.84768,"190203011208	"
Porter Canyon,"2170	",7187,39.46544,-117.62069,"160600020102	"
Potato Hill,"702	",4510,46.34963,-121.51435,"170800040303	"
Powder River Pass,"703	",9480,44.16188,-107.12622,"100800080304	"
Prairie,"704	",4800,43.50513,-115.573,"170501131103	"
Promontory,"705	",7930,34.36824,-111.01084,"150200080306	"
Pulpit Lake,"4A09P	",4367,57.53333,-126.73333,"	"
Quaking Aspen,"QUA	",7200,36.122,-118.545,"180300060101	"
Quartz Mountain,"706	",5720,42.31923,-120.82533,"180102020404	"
Quartz Peak,"707	",4700,47.87927,-117.08938,"170103080302	"
Quemazon,"708	",9500,35.92244,-106.39203,"130201011303	"
Rabbit Ears,"709	",9400,40.36783,-106.74038,"140500010402	"
Ragged Mountain,"1081	",4210,47.85583,-117.03667,"170103050302	"
Railroad Overpass,"710	",2680,43.65887,-122.21272,"170900010302	"
Rainbow Canyon,"1110	",7860,36.2493,-115.62972,"150100150301	"
Rainy Pass,"711	",4890,48.51865,-120.7358,"171100050503	"
Rattlesnake,"RTL	",6100,40.125,-121.043,"180201220901	"
Rawah,"1032	",9020,40.7075,-106.0076,"101800010603	"
Red Hill,"712	",4410,45.4643,-121.70428,"170701050505	"
Red Mountain Pass,"713	",11200,37.8918,-107.71342,"140801040103	"
Red Pine Ridge,"714	",8988,39.45197,-111.27221,"140600090202	"
Red River Pass #2,"715	",9850,36.69925,-105.34125,"130201010301	"
Red Rock Mountain,"RRM	",6700,41.023,-122.885,"180102110501	"
Redden Mine Lwr,"1225	",8532,40.67505,-111.21765,"160201010103	"
Redfish Creek,"2D14P	",6844,49.68333,-117.08333,"170101041810	"
Rees Flat,"1217	",7206,39.49667,-111.72508,"160300050202	"
Reno Hill,"716	",8400,42.57111,-106.08889,"101800070901	"
Revolution Creek,"1A17P	",5499,53.78333,-120.36667,"	"
Rex River,"911	",3810,47.30218,-121.60475,"171100120102	"
Reynolds Creek,"2029	",5600,43.28863,-116.8431,"170501030604	"
Rice Park,"933	",8460,35.23333,-108.26667,"130202070203	"
Rio Santa Barbara,"1254	",10664,36.07192,-105.62947,"130201010905	"
Ripple Creek,"717	",10340,40.10812,-107.29411,"140500050102	"
Roach,"718	",9700,40.87502,-106.04603,"101800100106	"
Roaring River,"719	",4950,43.90098,-122.03063,"170900040302	"
Robbs Powerhouse,"BLC	",5150,38.903,-120.375,"180201290203	"
Robbs Saddle,"RBB	",5900,38.912,-120.378,"180201290203	"
Robinson Cow Camp,"RCC	",6480,39.623,-120.678,"180201250102	"
Rock Creek,"720	",7886,40.54875,-110.69292,"140600030304	"
Rock Creek Lakes,"RCK	",9700,37.458,-118.735,"180901020301	"
Rock Springs,"721	",5290,44.00883,-118.83842,"170501160204	"
Rocker Peak,"722	",8000,46.35613,-112.26176,"100200060302	"
Rocky Basin-Settleme,"723	",8704,40.44293,-112.22377,"160203040401	"
Rocky Boy,"917	",4700,48.17478,-109.64728,"100500040101	"
Rough And Tumble,"939	",10360,39.03333,-106.08333,"101900010202	"
Rubicon #2,"724	",7619,38.99927,-120.13139,"160501010402	"
S Fork Shields,"725	",8100,46.0896,-110.43363,"100700030301	"
Sacajawea,"929	",6550,45.87395,-110.92783,"100700030403	"
Saddle Mountain,"726	",3110,45.54477,-123.37315,"170900100201	"
Saddle Mtn.,"727	",7940,45.69259,-113.96828,"170102050502	"
Sage Creek Basin,"1015	",7850,41.401,-107.25717,"101800020802	"
Saint Elmo,"1100	",10540,38.69978,-106.36801,"110200010501	"
Salmon Meadows,"728	",4460,48.65518,-119.8383,"170200062003	"
Salt Creek Falls,"729	",4220,43.61193,-122.11758,"170900010301	"
Salt River Summit,"730	",7640,42.5075,-110.9099,"170401050101	"
San Antonio Sink,"1172	",9100,36.8622,-106.22502,"130100050301	"
Sand Flat,"SDF	",6750,41.35,-122.246,"180200050103	"
Sand Lake,"731	",10050,41.46257,-106.28107,"101800040101	"
Sandstone RS,"732	",8150,41.11172,-107.1706,"140500030208	"
Santa Fe,"922	",11445,35.76694,-105.78333,"130202010102	"
Santaquin Meadows,"1280	",7835,39.92076,-111.71802,"160202010301	"
Santiam Jct.,"733	",3740,44.43503,-121.94502,"170900040201	"
Sargents Mesa,"1128	",11530,38.28555,-106.37069,"130100040306	"
Sasse Ridge,"734	",4340,47.38485,-121.06323,"170300010104	"
Satus Pass,"1231	",3960,45.98797,-120.67734,"170701060301	"
Savage Pass,"735	",6190,46.46633,-114.63333,"170603030208	"
Sawmill,"SWM	",10200,37.162,-118.562,"180901020601	"
Sawmill Ridge,"1068	",4640,47.15992,-121.42172,"171100130104	"
Sawtooth,"1251	",9620,40.13697,-105.58625,"101900050102	"
Schneider Meadows,"736	",5400,45.00107,-117.16522,"170502010603	"
Schneiders,"SCN	",8750,38.747,-120.068,"180201290301	"
Schofield Pass,"737	",10700,39.01522,-107.04877,"140100040701	"
Schwartz Lake,"915	",8630,44.84618,-113.83732,"170602040604	"
Schweitzer Basin,"738	",6090,48.37428,-116.63917,"170102150502	"
Scotch Creek,"739	",9100,37.64556,-108.00786,"140300020204	"
Scott Mountain,"SCT	",5900,41.272,-122.718,"180102080103	"
Secesh Summit,"740	",6540,45.18848,-115.97152,"170501230101	"
Sedgwick Peak,"741	",7850,42.52497,-111.95635,"170402080209	"
Seeley Creek,"742	",9904,39.31042,-111.43297,"140600090203	"
Seine Creek,"743	",2060,45.52688,-123.29857,"170900100203	"
Senorita Divide #2,"744	",8600,36.00198,-106.83348,"130202020102	"
Sentinel Butte,"1043	",4680,48.86133,-118.39843,"170200021705	"
Sevenmile Marsh,"745	",5700,42.69825,-122.14165,"180102030104	"
Seventysix Creek,"746	",7350,41.73732,-115.47215,"170501020108	"
Shanghi Summit,"747	",4600,46.56603,-115.74216,"170603070602	"
Sharkstooth,"1060	",10720,37.50357,-108.11373,"140300020206	"
Shedin Creek,"4B16P	",4331,55.85,-127.68333,"	"
Sheep Canyon,"748	",3990,46.19325,-122.25393,"170800050601	"
Sheep Mtn.,"749	",6650,43.2103,-111.68792,"170402050304	"
Sheldon,"750	",5865,41.90435,-119.44464,"171200080106	"
Shell Creek,"751	",9580,44.50012,-107.42947,"100800100101	"
Sherwin,"752	",3200,46.95028,-116.33972,"170103040703	"
Shimmy Lake,"SHM	",6400,41.008,-122.8,"180102110501	"
Short Creek,"753	",7000,44.97572,-111.95215,"100200030106	"
Shower Falls,"754	",8100,45.40125,-110.95758,"100200081001	"
Shuree,"1169	",10100,36.78778,-105.23999,"130201010102	"
Sierra Blanca,"1034	",10280,33.40472,-105.78722,"130600080103	"
Signal Peak,"755	",8360,32.92401,-108.14538,"150400010803	"
Silver Creek,"756	",5740,42.95615,-121.18123,"171200050206	"
Silver Creek Divide,"757	",9000,33.37106,-108.70618,"150400040605	"
Silver Lake,"SIL	",7100,38.678,-120.118,"180201290102	"
Silvies,"759	",6990,42.75333,-118.68785,"171200030201	"
Skalkaho Summit,"760	",7250,46.24212,-113.7725,"170102021003	"
Skate Creek,"1257	",3770,46.64336,-121.83044,"170800040505	"
Skookum Creek,"912	",3310,47.68433,-121.61007,"171100100503	"
Slate Creek,"SLT	",5700,41.045,-122.478,"180200050304	"
Sleeping Woman,"783	",6150,47.17902,-114.33368,"170102120708	"
Slide Canyon,"SLI	",9200,38.092,-119.43,"180400090501	"
Slug Creek Divide,"761	",7225,42.56248,-111.29797,"170402070201	"
Slumgullion,"762	",11560,37.9908,-107.20327,"140200020502	"
Smiley Mountain,"926	",9520,43.72718,-113.83402,"170402180102	"
Smith  Morehouse,"763	",7631,40.78931,-111.09192,"160201010203	"
Smith Ridge,"1167	",3270,44.30325,-122.04053,"170900040203	"
Snake River Station,"764	",6920,44.13361,-110.66917,"170401010402	"
Snow Mountain,"767	",6230,43.94885,-119.54013,"171200020501	"
Snow Mountain,"SNM	",5950,40.778,-121.782,"180200031102	"
Snowbird,"766	",9177,40.56914,-111.65852,"160202040202	"
Snowslide Canyon,"927	",9730,35.3416,-111.65058,"150200160201	"
Snyder Basin,"765	",8060,42.4949,-110.53203,"140401010906	"
Soldier Park,"1132	",8720,44.34847,-107.0136,"100902060103	"
Soldier R.S.,"769	",5740,43.48407,-114.82692,"170402200303	"
Somsen Ranch,"770	",6800,42.95275,-111.35933,"170402070101	"
Sonora Pass,"771	",8770,38.31021,-119.6003,"160503020104	"
Sourdough Gulch,"985	",4000,46.23718,-117.39438,"170601030202	"
South Brush Creek,"772	",8440,41.32943,-106.50248,"101800020303	"
South Colony,"773	",10800,37.96811,-105.53787,"110200011206	"
South Fork Bull Run,"925	",2690,45.44575,-122.03125,"170800010504	"
South Lake,"SLK	",9600,37.176,-118.562,"180901020601	"
South Mtn.,"774	",6500,42.76478,-116.90037,"170501080205	"
South Pass,"775	",9040,42.57317,-108.84325,"100800030101	"
Spencer Meadow,"776	",3400,46.1795,-121.92661,"170800020108	"
Spirit Lake,"777	",3520,46.26113,-122.1772,"170800050502	"
Spirit Lk,"1117	",10235,40.83868,-110.00527,"140401060501	"
Spratt Creek,"778	",6063,38.66627,-119.81741,"160502010107	"
Spring Creek,"2044	",580,61.65722,-149.12853,"190204020709	"
Spring Creek Divide,"779	",9000,42.52516,-110.66148,"140401011001	"
Spruce Springs,"984	",5700,46.18287,-117.54155,"170601030201	"
Spud Mountain,"780	",10660,37.69866,-107.77715,"140801040202	"
Spur Park,"781	",8100,46.77962,-110.62165,"100401030301	"
Spuzzum Creek,"1D19P	",3927,49.65,-121.65,"	"
Squamish Upper,"3A25P	",4551,50.15,-123.43333,"	"
Squaw Flat,"782	",6240,44.77091,-116.24805,"170501240401	"
Squaw Valley G.C.,"784	",8013,39.18986,-120.26576,"160501020202	"
St. Lawrence Alt,"786	",8620,43.03313,-109.17025,"100800020105	"
St. Leon Creek,"2B08P	",5978,50.43333,-117.7,"170200210000	"
Stahl Peak,"787	",6030,48.90902,-114.86298,"170101010801	"
Stampede Pass,"788	",3850,47.27427,-121.34162,"171100130103	"
Stanislaus Meadow,"SLM	",7750,38.505,-119.937,"180400100301	"
Starr Ridge,"789	",5250,44.26423,-119.02162,"171200020102	"
State Lakes,"STL	",10300,36.927,-118.574,"180300100305	"
State Line,"1258	",5680,41.98609,-120.71574,"180102040201	"
Steel Creek Park,"790	",10158,40.90862,-110.50462,"140401070203	"
Stevens Pass,"791	",3950,47.74607,-121.09288,"171100090102	"
Stickney Mill,"792	",7430,43.86117,-114.20902,"170402180303	"
Stillwater Creek,"793	",8720,40.22543,-105.91977,"140100010306	"
Stouts Meadow,"STM	",5400,41.17,-121.938,"180200040208	"
Strawberry,"794	",5770,42.12587,-120.8361,"180102040501	"
Strawberry Divide,"795	",8123,40.16483,-111.20665,"140600040103	"
Stringer Creek,"1009	",6550,46.9269,-110.90198,"100301030801	"
Stuart Mountain,"901	",7400,46.99523,-113.92664,"170102040102	"
Stump Lakes,"797	",11200,37.47621,-107.63295,"140801040702	"
Sucker Creek,"798	",8880,44.7225,-107.40033,"100901010203	"
Summer Rim,"800	",7080,42.6957,-120.80158,"180102020103	"
Summit Creek,"955	",1400,60.61713,-149.53128,"190203020401	"
Summit Lake,"801	",5610,43.44907,-122.13808,"170703020203	"
Summit Lk,"1194	",7615,41.48953,-118.99663,"160402021301	"
Summit Meadow,"1052	",9313,38.39747,-119.53522,"160503020203	"
Summit Ranch,"802	",9400,39.71796,-106.15802,"140100020502	"
Sun Pass,"1078	",5400,42.78637,-121.97715,"180102010602	"
Sunflower Flat,"1249	",10018,38.048,-111.33981,"140700030406	"
Sunset,"803	",5540,47.55545,-115.82422,"170103020102	"
Surprise Lakes,"804	",4290,46.09497,-121.76345,"170800020107	"
Susitna Valley High,"967	",375,62.13333,-150.04167,"190205050105	"
Suu Ranch,"1248	",8050,37.59711,-112.92949,"160300060306	"
Swamp Creek,"975	",3930,48.57142,-120.78267,"171100050503	"
Swan Lake Mtn,"1077	",6830,42.41323,-121.68002,"180102040802	"
Swede Peak,"805	",7640,43.626,-113.96887,"170402210301	"
Swift Creek,"1012	",4440,46.1638,-122.18402,"170800020304	"
Sylvan Lake,"806	",8420,44.47764,-110.15651,"100700010404	"
Sylvan Road,"807	",7120,44.47825,-110.03808,"100800120103	"
Tahoe City Cross,"809	",6797,39.17162,-120.15362,"160501010101	"
Tahtsa Lake,"1B02P	",4327,53.58333,-127.63333,"	"
Takka Wiiya,"1247	",9122,39.74104,-113.98262,"160203060804	"
Tamarack Summit,"TMR	",7550,37.165,-119.2,"180400060903	"
Taos Powderhorn,"1168	",11057,36.58203,-105.45611,"130201010701	"
Taylor Butte,"810	",5030,42.69108,-121.42592,"180102020606	"
Taylor Canyon,"811	",6325,41.2287,-116.0293,"170501050105	"
Taylor Green,"812	",5740,45.07707,-117.55067,"170601040502	"
Telaquana Lake,"1266	",1275,60.98243,-153.91772,"190304052303	"
Temple Fork,"1013	",7406,41.793,-111.54605,"160102030303	"
Tenaya Lake,"TNY	",8150,37.838,-119.448,"180400080107	"
Tenquille Lake,"1D06P	",5476,50.53333,-122.91667,"	"
Tepee Creek,"813	",8000,44.78562,-111.71,"100200070602	"
Teuchet Creek,"951	",1640,64.94583,-145.51667,"190803060301	"
Thaynes Canyon,"814	",9230,40.6235,-111.53322,"160201020101	"
Thistle Flat,"1226	",8787,39.23803,-111.51998,"160300040501	"
Three Creeks Meadow,"815	",5690,44.14425,-121.64095,"170703010601	"
Thumb Divide,"816	",7980,44.36917,-110.57717,"100700010409	"
Thunder Basin,"817	",4320,48.52753,-120.9895,"171100050702	"
Tie Creek,"818	",6870,44.81243,-107.41017,"100901010205	"
Timber Creek,"819	",7950,44.0274,-109.17879,"100800090210	"
Timberline,"1097	",8736,39.67712,-110.43395,"140600070903	"
Timpanogos Divide,"820	",8140,40.42817,-111.61633,"160202010802	"
Tinkham Creek,"899	",2990,47.33198,-121.46975,"171100120101	"
Tioga Pass Entry Station,"TES	",9945,37.911,-119.257,"180901010401	"
Tipton,"821	",5150,44.65567,-118.42617,"170502020101	"
Tizer Basin,"893	",6880,46.34937,-111.85308,"100301010701	"
Toe Jam,"1136	",7700,41.3187,-116.3408,"160401060202	"
Togwotee Pass,"822	",9580,43.74902,-110.0578,"100800010201	"
Tok,"2080	",1630,63.3532,-142.98164,"190803020903	"
Toketee Airstrip,"1044	",3240,43.22718,-122.42537,"171003010404	"
Tokositna Valley,"1089	",850,62.63,-150.77617,"190205020903	"
Tolby,"934	",10180,36.47493,-105.19468,"110800020107	"
Tony Grove Lake,"823	",8474,41.89833,-111.62957,"160102030304	"
Tony Grove RS,"1113	",6332,41.88573,-111.56918,"160102030304	"
Touchet,"824	",5530,46.11868,-117.8505,"170701020303	"
Tower,"825	",10500,40.53743,-106.6768,"140500010407	"
Townsend Creek,"826	",8700,42.69525,-108.89572,"100800030203	"
Trapper Lake,"827	",9700,39.99884,-107.2362,"140500050101	"
Tres Ritos,"1083	",8600,36.12778,-105.52714,"130201010903	"
Trial Lake,"828	",9992,40.678,-110.94873,"160202030102	"
Trinchera,"829	",10860,37.35328,-105.23233,"130100020601	"
Trinity,"1171	",2930,48.0747,-120.8493,"170200110302	"
Trinity Mtn.,"830	",7770,43.62903,-115.43818,"170501110703	"
Triple Peak,"831	",8500,42.76393,-110.5914,"140401010503	"
Trough,"832	",5480,47.23328,-120.29412,"170200100402	"
Trout Creek,"833	",9518,40.739,-109.6728,"140600100802	"
Truckee #2,"834	",6509,39.30087,-120.18407,"160501020204	"
Tsai Creek,"4B17P	",4491,54.63333,-127.66667,"	"
Tunnel Guard Station,"TUN	",8900,36.367,-118.288,"180300020101	"
Tuolumne Meadows,"TUM	",8600,37.873,-119.35,"180400090101	"
Turnagain Pass,"954	",1880,60.78043,-149.18325,"190203020406	"
Twelvemile Creek,"835	",5600,46.14287,-114.44755,"170102050601	"
Twin Lakes,"836	",6400,46.1438,-114.5056,"170102050601	"
Two Ocean Plateau,"837	",9240,44.15178,-110.22122,"170401010201	"
University Camp,"838	",10300,40.03279,-105.57615,"101900050401	"
Upper Burnt Corral,"UBC	",9700,37.183,-118.937,"180300100603	"
Upper Chena,"952	",2850,65.1,-144.93317,"190803060102	"
Upper Joes Valley,"1227	",8596,39.4155,-111.2491,"140600090201	"
Upper Rio Grande,"839	",9400,37.72194,-107.26015,"130100010106	"
Upper San Juan,"840	",10200,37.48576,-106.83535,"140801010203	"
Upper Taylor,"1141	",10640,38.99077,-106.75422,"140200010101	"
Upper Tsaina River,"1055	",1750,61.19112,-145.64807,"190201040203	"
Upper Tyndall Creek,"UTY	",11400,36.65,-118.397,"180300010102	"
Upper Wheeler,"841	",4330,47.28734,-120.37015,"170200100310	"
Usu Doc Daniel,"1098	",8270,41.86425,-111.50603,"160102010103	"
Ute Creek,"1005	",10650,37.61497,-105.37327,"130100020604	"
Vacarro Springs,"1137	",7890,39.4495,-115.9834,"160600051503	"
Vacas Locas,"1017	",9306,36.02635,-106.81362,"130202020102	"
Vail Mountain,"842	",10300,39.61676,-106.38006,"140100030102	"
Vallecito,"843	",10880,37.4851,-107.5068,"140801011105	"
Van Vleck,"VVL	",6700,38.945,-120.305,"180201290203	"
Van Wyck,"979	",4920,44.37665,-116.3366,"170501240902	"
Vernon Creek,"844	",7401,39.93667,-112.41478,"160203040102	"
Vienna Mine,"845	",8960,43.79942,-114.85273,"170602010201	"
Virginia Lakes Ridge,"846	",9445,38.07298,-119.23433,"160503010103	"
Volcanic Knob,"VLC	",10050,37.388,-118.903,"180400060101	"
Wager Gulch,"1188	",11100,37.88248,-107.3643,"140200020602	"
Wahleach Lake,"1D09P	",4619,49.21667,-121.56667,"	"
Waldron,"847	",5600,47.91998,-112.79087,"100302050102	"
Ward Creek #3,"848	",6745,39.13545,-120.21865,"160501010403	"
Ward Mountain,"849	",9200,39.13242,-114.95575,"150100110105	"
Warm Springs,"850	",7800,46.27368,-113.164,"170102010302	"
Waterhole,"974	",5010,47.94485,-123.42594,"171100200506	"
Webber Springs,"852	",9250,41.15946,-106.92714,"101800020406	"
Webster Flat,"853	",9203,37.575,-112.90155,"150100080101	"
Wells Creek,"909	",4030,48.8661,-121.78976,"171100040103	"
Weminuche Creek,"1160	",10740,37.51976,-107.32152,"140801020203	"
Wesner Springs,"854	",11120,35.77556,-105.5425,"130600010802	"
West Branch,"855	",5560,45.0722,-116.45413,"170501240201	"
West Woodchuck Meadow,"WWC	",9100,37.03,-118.918,"180300100604	"
West Yellowstone,"924	",6700,44.65866,-111.09199,"100200070205	"
Wet Meadows,"WTM	",8950,36.348,-118.572,"180300010302	"
Wheeler Peak,"1147	",10060,39.00995,-114.31021,"160203010801	"
Whiskey Ck,"857	",10220,37.21411,-105.12245,"110200100102	"
Whiskey Creek,"858	",6800,44.61088,-111.14998,"100200070203	"
Whiskey Park,"859	",8950,41.00289,-106.90848,"140500030102	"
White Elephant,"860	",7710,44.53267,-111.41085,"170402020305	"
White Horse Lake,"861	",7180,35.14202,-112.14915,"150602020204	"
White Mill,"862	",8700,45.04575,-109.90987,"100700060202	"
White Pass E.S.,"863	",4440,46.64142,-121.38153,"170300020301	"
White River #1,"864	",8641,39.9645,-110.98845,"140600070102	"
White Wolf,"WHW	",7900,37.859,-119.652,"180400090601	"
Widtsoe #3,"865	",9640,37.83633,-111.88163,"160300020403	"
Wild Basin,"1042	",9560,40.20105,-105.60248,"101900050202	"
Wildcat,"866	",7850,33.75835,-109.47973,"150601010109	"
Wildhorse Divide,"867	",6490,42.75743,-112.47783,"170402080504	"
Willow Creek,"868	",8080,42.81513,-110.83515,"170401050204	"
Willow Creek Pass,"869	",9540,40.34703,-106.09433,"140100010102	"
Willow Park,"870	",10700,40.43254,-105.73337,"101900060204	"
Wilson Creek,"871	",7120,42.01257,-115.00278,"170402130202	"
Windy Peak,"872	",7900,42.2802,-105.57816,"101800080802	"
Wolf Creek,"873	",5630,45.06703,-118.15192,"170502030601	"
Wolf Creek Summit,"874	",11000,37.47922,-106.8017,"140801010203	"
Wolf River Upper,"3B17P	",4665,49.7,-125.66667,"	"
Wolverine,"875	",7650,44.80417,-109.657,"100700060104	"
Wood Creek,"876	",5960,47.44847,-112.81428,"100301040202	"
Workman Creek,"877	",6900,33.81242,-110.91773,"150601030802	"
Wrigley Creek,"1228	",9327,39.13233,-111.35685,"140600090303	"
Yankee Reservoir,"1197	",8692,37.74797,-112.77495,"160300060202	"
Yanks Peak East,"1C41P	",5522,52.81667,-121.35,"	"
Yellowhead,"1A01P	",6060,52.9,-118.53333,"	"
Younts Peak,"878	",8350,43.93225,-109.81775,"100800130103	"
Zirkel,"1033	",9340,40.79488,-106.59535,"101800010202	"