Name,State,ID,Longitude,Latitude,geometry
Adin Mtn,California,301,-120.79191999999999,41.23583,POINT (-120.79192 41.23583)
Agnew Pass,California,AGP,-119.14299999999999,37.724000000000004,POINT (-119.143 37.724)
Agua Canyon,Utah,907,-112.27118,37.52217,POINT (-112.27118 37.52217)
Aiken Lake,British Columbia,4A30P,-125.73333000000001,56.433330000000005,POINT (-125.73333 56.43333000000001)
Albro Lake,Montana,916,-111.95902,45.597229999999996,POINT (-111.95902 45.59723)
Alexander Lake,Alaska,1267,-150.88967,61.749669999999995,POINT (-150.88967 61.74966999999999)
Alpha,California,ALP,-120.215,38.805,POINT (-120.215 38.805)
Alpine Meadows,Washington,908,-121.69847,47.77957,POINT (-121.69847 47.77957)
American Creek,Alaska,1189,-141.23376000000002,64.78969000000001,POINT (-141.23376 64.78969000000001)
Anchor River Divide,Alaska,1062,-151.315,59.859719999999996,POINT (-151.315 59.85972)
Anchorage Hillside,Alaska,1070,-149.66683,61.114830000000005,POINT (-149.66683 61.11483)
Aneroid Lake #2,Oregon,302,-117.19258,45.21328,POINT (-117.19258 45.21328)
Annie Springs,Oregon,1000,-122.16518,42.87007,POINT (-122.16518 42.87007)
Apishapa,Colorado,303,-105.06748999999999,37.33062,POINT (-105.06749 37.33062)
Arapaho Ridge,Colorado,1030,-106.38141999999999,40.35098,POINT (-106.38142 40.35098)
Arbuckle Mtn,Oregon,304,-119.25392,45.19085,POINT (-119.25392 45.19085)
Atlanta Summit,Idaho,306,-115.23907,43.7569,POINT (-115.23907 43.7569)
Azure,British Columbia,1E08P,-119.71667,52.583330000000004,POINT (-119.71667 52.58333)
Badger Pass,Montana,307,-113.02317,48.13088,POINT (-113.02317 48.13088)
Baker Butte,Arizona,308,-111.40643,34.4566,POINT (-111.40643 34.4566)
Baker Butte Smt,Arizona,1140,-111.38271999999999,34.45547,POINT (-111.38272 34.45547)
Bald Mtn.,Wyoming,309,-107.84442,44.8007,POINT (-107.84442 44.8007)
Baldy,Arizona,310,-109.50344,33.97883,POINT (-109.50344 33.97883)
Banfield Mountain,Montana,311,-115.44573000000001,48.5712,POINT (-115.44573 48.5712)
Banner Summit,Idaho,312,-115.23447,44.30342,POINT (-115.23447 44.30342)
Bar M,Arizona,1212,-111.60503,34.86136,POINT (-111.60503 34.86136)
Barker Lakes,Montana,313,-113.13038,46.09713,POINT (-113.13038 46.09713)
Barkerville,British Columbia,1A03P,-121.48333000000001,53.05,POINT (-121.48333 53.05)
Barnes Creek,British Columbia,2B06P,-118.35,50.06667,POINT (-118.35 50.06667)
Base Camp,Wyoming,314,-110.44543999999999,43.94019,POINT (-110.44544 43.94019)
Basin Creek,Montana,315,-112.52046999999999,45.79737,POINT (-112.52047 45.79737)
Bateman,New Mexico,316,-106.32128999999999,36.512159999999994,POINT (-106.32129 36.51215999999999)
Battle Mountain,Wyoming,317,-107.26608999999999,41.05413,POINT (-107.26609 41.05413)
Beach Meadows,California,BCH,-118.29299999999999,36.126999999999995,POINT (-118.293 36.127)
Beagle Springs,Montana,318,-112.98191000000001,44.471470000000004,POINT (-112.98191 44.47147)
Bear Basin,Idaho,319,-116.14293,44.952220000000004,POINT (-116.14293 44.95222)
Bear Canyon,Idaho,320,-113.93796999999999,43.74367,POINT (-113.93797 43.74367)
Bear Creek,Nevada,321,-115.45278,41.83384,POINT (-115.45278 41.83384)
Bear Grass,Oregon,1166,-122.0938,44.3253,POINT (-122.0938 44.3253)
Bear Lake,Colorado,322,-105.64483,40.31118,POINT (-105.64483 40.31118)
Bear Mountain,Idaho,323,-116.07448000000001,48.30577,POINT (-116.07448 48.30577)
Bear River,Colorado,1061,-107.00955,40.06153,POINT (-107.00955 40.06153)
Bear River RS,Utah,992,-110.8277,40.8852,POINT (-110.8277 40.8852)
Bear Saddle,Idaho,324,-116.98097,44.60533,POINT (-116.98097 44.60533)
Bear Trap Meadow,Wyoming,325,-107.06135,43.88743,POINT (-107.06135 43.88743)
Beartooth Lake,Wyoming,326,-109.56743,44.94307,POINT (-109.56743 44.94307)
Beartown,Colorado,327,-107.51212,37.71409,POINT (-107.51212 37.71409)
Beaver Ck Village,Colorado,1041,-106.51142,39.59917,POINT (-106.51142 39.59917)
Beaver Creek,Montana,328,-111.35852,44.949659999999994,POINT (-111.35852 44.94965999999999)
Beaver Dams,Utah,329,-111.55813,39.136829999999996,POINT (-111.55813 39.13683)
Beaver Divide,Utah,330,-111.09782,40.61233,POINT (-111.09782 40.61233)
Beaver Head,Arizona,902,-109.21656999999999,33.69144,POINT (-109.21657 33.69144)
Beaver Pass,Washington,990,-121.2555,48.8793,POINT (-121.2555 48.8793)
Beaver Reservoir,Oregon,331,-118.219,45.14532,POINT (-118.219 45.14532)
Beaver Spring,Arizona,1143,-109.05711000000001,36.32678,POINT (-109.05711 36.32678)
Ben Lomond Peak,Utah,332,-111.94405,41.37603,POINT (-111.94405 41.37603)
Ben Lomond Trail,Utah,333,-111.92103,41.382909999999995,POINT (-111.92103 41.38291)
Berry Creek,Nevada,334,-114.62278,39.31917,POINT (-114.62278 39.31917)
Berthoud Summit,Colorado,335,-105.77788999999999,39.80392,POINT (-105.77789 39.80392)
Bettles Field,Alaska,1182,-151.53333,66.91667,POINT (-151.53333 66.91667)
Bevans Cabin,Utah,1214,-112.25233,40.46182,POINT (-112.25233 40.46182)
Big Bend,Nevada,336,-115.6931,41.76168,POINT (-115.6931 41.76168)
Big Creek Sum,Nevada,337,-117.11506000000001,39.29148,POINT (-117.11506 39.29148)
Big Creek Summit,Idaho,338,-115.79561000000001,44.62621,POINT (-115.79561 44.62621)
Big Flat,Utah,339,-112.35672,38.301829999999995,POINT (-112.35672 38.30183)
Big Flat,California,BFL,-122.94200000000001,41.08,POINT (-122.942 41.08)
Big Goose,Wyoming,931,-107.20068,44.579240000000006,POINT (-107.20068 44.57924000000001)
Big Meadow,Nevada,340,-119.9422,39.455,POINT (-119.9422 39.455)
Big Meadows,California,BIM,-118.84200000000001,36.717,POINT (-118.842 36.717)
Big Pine Creek,California,BGP,-118.475,37.128,POINT (-118.475 37.128)
Big Red Mountain,Oregon,341,-122.85486999999999,42.05257,POINT (-122.85487 42.05257)
Big Sandy Opening,Wyoming,342,-109.25965,42.6458,POINT (-109.25965 42.6458)
Bigelow Camp,Oregon,343,-123.34393,42.07875,POINT (-123.34393 42.07875)
Billie Creek Divide,Oregon,344,-122.26616999999999,42.40717,POINT (-122.26617 42.40717)
Bird Creek,Nevada,1155,-114.64863000000001,39.46138,POINT (-114.64863 39.46138)
Bishop Pass,California,BSH,-118.557,37.1,POINT (-118.557 37.1)
Bison Lake,Colorado,345,-107.35681000000001,39.76487,POINT (-107.35681 39.76487)
Bisson Creek,Montana,346,-113.99901000000001,47.683890000000005,POINT (-113.99901 47.68389000000001)
Black Bear,Montana,347,-111.12803000000001,44.50832,POINT (-111.12803 44.50832)
Black Flat-U.M. Ck,Utah,348,-111.59765,38.6799,POINT (-111.59765 38.6799)
Black Mesa,Colorado,1185,-108.18365,37.78972,POINT (-108.18365 37.78972)
Black Mountain,Colorado,1161,-105.66396999999999,40.888000000000005,POINT (-105.66397 40.88800000000001)
Black Pine,Montana,349,-113.43095,46.413999999999994,POINT (-113.43095 46.41399999999999)
Black Springs,California,BLS,-120.19200000000001,38.375,POINT (-120.192 38.375)
Blackhall Mtn,Wyoming,1119,-106.71383999999999,41.05616,POINT (-106.71384 41.05616)
Blacks Fork Jct,Utah,1162,-110.5828,40.95814,POINT (-110.5828 40.95814)
Blacks Mountain,California,BLA,-121.198,40.77,POINT (-121.198 40.77)
Blacktail Mtn,Montana,1144,-114.3543,47.98288,POINT (-114.3543 47.98288)
Blackwall Peak,British Columbia,2G03P,-120.76666999999999,49.08333,POINT (-120.76667 49.08333)
Blackwater,Wyoming,350,-109.79333000000001,44.376670000000004,POINT (-109.79333 44.37667)
Blazed Alder,Oregon,351,-121.85605,45.4287,POINT (-121.85605 45.4287)
Blewett Pass,Washington,352,-120.6796,47.35037,POINT (-120.6796 47.35037)
Blind Bull Sum,Wyoming,353,-110.60973,42.964,POINT (-110.60973 42.964)
Blind Park,South Dakota,354,-103.97688000000001,44.10772,POINT (-103.97688 44.10772)
Bloods Creek,California,BLD,-120.03299999999999,38.45,POINT (-120.033 38.45)
Bloody Dick,Montana,355,-113.50098999999999,45.16507,POINT (-113.50099 45.16507)
Blue Canyon,California,BLC2,-120.708,39.275999999999996,POINT (-120.708 39.276)
Blue Lakes,California,356,-119.92437,38.608000000000004,POINT (-119.92437 38.608)
Blue Mountain Spring,Oregon,357,-118.51722,44.24767,POINT (-118.51722 44.24767)
Bobs Hollow,Utah,1278,-112.15348999999999,38.94569,POINT (-112.15349 38.94569)
Bogus Basin,Idaho,978,-116.09685,43.76377,POINT (-116.09685 43.76377)
Bonanza King,California,BNK,-122.62799999999999,41.083,POINT (-122.628 41.083)
Bone Springs Div,Wyoming,358,-107.5811,44.67888,POINT (-107.5811 44.67888)
Boss Mountain Mine,British Columbia,1C20P,-120.86667,52.1,POINT (-120.86667 52.1)
Bostetter R.S.,Idaho,359,-114.19272,42.16442,POINT (-114.19272 42.16442)
Boulder Mountain,Montana,360,-111.28973,46.5596,POINT (-111.28973 46.5596)
Bourne,Oregon,361,-118.18786999999999,44.83052,POINT (-118.18787 44.83052)
Bowman Springs,Oregon,362,-118.46715,45.36428,POINT (-118.46715 45.36428)
Box Canyon,Montana,363,-110.24903,45.2719,POINT (-110.24903 45.2719)
Box Creek,Utah,364,-112.01856000000001,38.50809,POINT (-112.01856 38.50809)
Box Springs,Utah,1156,-112.00778999999999,38.49746,POINT (-112.00779 38.49746)
Brackett Creek,Montana,365,-110.93851000000001,45.89107,POINT (-110.93851 45.89107)
Brenda Mines,British Columbia,2F18P,-119.98333000000001,49.85,POINT (-119.98333 49.85)
Brian Head,Utah,1154,-112.85673999999999,37.67994,POINT (-112.85674 37.67994)
Brighton,Utah,366,-111.58166999999999,40.59936,POINT (-111.58167 40.59936)
Bristlecone Trail,Nevada,1111,-115.69543,36.31575,POINT (-115.69543 36.31575)
Brooklyn Lake,Wyoming,367,-106.23208999999999,41.35885,POINT (-106.23209 41.35885)
Brown Duck,Utah,368,-110.58587,40.58102,POINT (-110.58587 40.58102)
Brown Top,Washington,1080,-121.19713,48.92755,POINT (-121.19713 48.92755)
Brumley,Colorado,369,-106.5417,39.08766,POINT (-106.5417 39.08766)
Brundage Reservoir,Idaho,370,-116.13253,45.04315,POINT (-116.13253 45.04315)
Buck Flat,Utah,371,-111.43722,39.134,POINT (-111.43722 39.134)
Buck Pasture,Utah,1192,-110.66068,40.844559999999994,POINT (-110.66068 40.84455999999999)
Buckboard Flat,Utah,1153,-109.44717,37.86943,POINT (-109.44717 37.86943)
Buckinghorse,Washington,1107,-123.45747,47.7086,POINT (-123.45747 47.7086)
Bucks Lake,California,BKL,-121.242,39.85,POINT (-121.242 39.85)
Buckskin Joe,Colorado,938,-106.11307,39.3035,POINT (-106.11307 39.3035)
Buckskin Lower,Nevada,373,-117.53182,41.75067,POINT (-117.53182 41.75067)
Buffalo Park,Colorado,913,-106.59528,40.228609999999996,POINT (-106.59528 40.22861)
Bug Lake,Utah,374,-111.41986999999999,41.68541,POINT (-111.41987 41.68541)
Bumping Ridge,Washington,375,-121.33058,46.81003,POINT (-121.33058 46.81003)
Bunchgrass Mdw,Washington,376,-117.17633000000001,48.68688,POINT (-117.17633 48.68688)
Burgess Junction,Wyoming,377,-107.52917,44.78765,POINT (-107.52917 44.78765)
Burnside Lake,California,1051,-119.8942,38.719429999999996,POINT (-119.8942 38.71943)
Burnt Bridge Creek,British Columbia,3C08P,-126.23333000000001,52.46666999999999,POINT (-126.23333 52.46666999999999)
Burnt Mountain,Washington,942,-121.94032,47.0444,POINT (-121.94032 47.0444)
Burnt Mtn,Montana,981,-109.45961000000001,45.2401,POINT (-109.45961 45.2401)
Burro Mountain,Colorado,378,-107.59853000000001,39.87505,POINT (-107.59853 39.87505)
Burroughs Creek,Wyoming,379,-109.67021000000001,43.69733,POINT (-109.67021 43.69733)
Burts Miller Ranch,Utah,1135,-110.85075,40.98492,POINT (-110.85075 40.98492)
Butte,Colorado,380,-106.95299999999999,38.89433,POINT (-106.953 38.89433)
Calamity,Washington,1109,-122.21633,45.903620000000004,POINT (-122.21633 45.90362)
Calvert Creek,Montana,381,-113.32553,45.8838,POINT (-113.32553 45.8838)
Camas Creek Divide,Idaho,382,-115.3453,43.26548,POINT (-115.3453 43.26548)
Camp Jackson,Utah,383,-109.48723000000001,37.81333,POINT (-109.48723 37.81333)
Canyon,Wyoming,384,-110.51083999999999,44.719609999999996,POINT (-110.51084 44.71961)
Caples Lake,California,CAP,-120.042,38.71,POINT (-120.042 38.71)
Carrot Basin,Montana,385,-111.29403,44.96192,POINT (-111.29403 44.96192)
Carson Pass,California,1067,-120.0022,38.6927,POINT (-120.0022 38.6927)
Casa Vieja Meadows,California,CSV,-118.26799999999999,36.2,POINT (-118.268 36.2)
Cascade,Colorado,386,-107.80601999999999,37.65083,POINT (-107.80602 37.65083)
Cascade #2,Colorado,387,-107.80268000000001,37.658,POINT (-107.80268 37.658)
Cascade Mountain,Utah,1039,-111.60991999999999,40.283,POINT (-111.60992 40.283)
Cascade Summit,Oregon,388,-122.0601,43.59042,POINT (-122.0601 43.59042)
Casper Mtn.,Wyoming,389,-106.31861,42.73389,POINT (-106.31861 42.73389)
Castle Creek,Wyoming,1130,-109.3774,43.6748,POINT (-109.3774 43.6748)
Castle Valley,Utah,390,-112.74093,37.66098,POINT (-112.74093 37.66098)
Cave Mountain,Nevada,1152,-114.6133,39.16337,POINT (-114.6133 39.16337)
Cayuse Pass,Washington,1085,-121.5343,46.86954,POINT (-121.5343 46.86954)
Cedar Kiteen,British Columbia,4B18P,-128.7,55.15,POINT (-128.7 55.15)
Cedar Pass,California,391,-120.3025,41.58233,POINT (-120.3025 41.58233)
Celista Mountain,British Columbia,1F06P,-118.98333000000001,51.4,POINT (-118.98333 51.4)
Chagoopa Plateau,California,CHP,-118.44200000000001,36.497,POINT (-118.442 36.497)
Chalender,Arizona,1139,-112.06231000000001,35.26247,POINT (-112.06231 35.26247)
Chalk Creek #1,Utah,392,-111.04765,40.85464,POINT (-111.04765 40.85464)
Chalk Creek #2,Utah,393,-111.06953999999999,40.885290000000005,POINT (-111.06954 40.88529)
Chamita,New Mexico,394,-106.65682,36.95636,POINT (-106.65682 36.95636)
Chapman Tunnel,Colorado,1101,-106.62931,39.262170000000005,POINT (-106.62931 39.26217)
Chemult Alternate,Oregon,395,-121.80662,43.22625,POINT (-121.80662 43.22625)
Chepeta,Utah,396,-110.0105,40.77458,POINT (-110.0105 40.77458)
Chilkoot Meadow,California,CHM,-119.49,37.41,POINT (-119.49 37.41)
Chilliwack River,British Columbia,1D17P,-121.7,49.01667,POINT (-121.7 49.01667)
Chisana,Alaska,1093,-142.049,62.068999999999996,POINT (-142.049 62.069)
Chocolate Gulch,Idaho,895,-114.41812,43.7685,POINT (-114.41812 43.7685)
Cinnabar Park,Wyoming,1046,-106.23095,41.23837,POINT (-106.23095 41.23837)
Clackamas Lake,Oregon,398,-121.75443,45.096579999999996,POINT (-121.75443 45.09658)
Clayton Springs,Utah,983,-111.83355,37.9725,POINT (-111.83355 37.9725)
Clear Creek #1,Utah,399,-111.28363,39.86671,POINT (-111.28363 39.86671)
Clear Creek #2,Utah,400,-111.25153999999999,39.89275,POINT (-111.25154 39.89275)
Clear Lake,Oregon,401,-121.6916,45.188320000000004,POINT (-121.6916 45.18832)
Cloud Peak Reservoir,Wyoming,402,-107.06057,44.40343,POINT (-107.06057 44.40343)
Clover Meadow,Montana,403,-111.8456,45.01788,POINT (-111.8456 45.01788)
Cochetopa Pass,Colorado,1059,-106.59883,38.16283,POINT (-106.59883 38.16283)
Cold Springs,Wyoming,405,-109.44585,43.276759999999996,POINT (-109.44585 43.27676)
Cold Springs Camp,Oregon,406,-122.17683000000001,42.53305,POINT (-122.17683 42.53305)
Coldfoot,Alaska,958,-150.183,67.25333,POINT (-150.183 67.25333000000001)
Cole Canyon,Wyoming,982,-104.41056999999999,44.48632,POINT (-104.41057 44.48632)
Cole Creek,Montana,407,-109.34548000000001,45.19405,POINT (-109.34548 45.19405)
Columbine,Colorado,408,-106.60408000000001,40.3948,POINT (-106.60408 40.3948)
Columbine Pass,Colorado,409,-108.38248999999999,38.41795,POINT (-108.38249 38.41795)
Columbus Basin,Colorado,904,-108.02445,37.44147,POINT (-108.02445 37.44147)
Combination,Montana,410,-113.39358,46.46523,POINT (-113.39358 46.46523)
Cool Creek,Idaho,411,-115.29528,46.76361,POINT (-115.29528 46.76361)
Cooper Lake,Alaska,959,-149.6936,60.390269999999994,POINT (-149.6936 60.39026999999999)
Copeland Lake,Colorado,412,-105.56861,40.20778,POINT (-105.56861 40.20778)
Copper Bottom,Montana,413,-112.595,47.056779999999996,POINT (-112.595 47.05678)
Copper Camp,Montana,414,-112.72955,47.081579999999995,POINT (-112.72955 47.08158)
Copper Mountain,Colorado,415,-106.17095,39.489540000000005,POINT (-106.17095 39.48954000000001)
Coronado Trail,Arizona,416,-109.15281999999999,33.80392,POINT (-109.15282 33.80392)
Corral,Utah,1236,-110.37906000000001,39.65795,POINT (-110.37906 39.65795)
Corral Canyon,Nevada,417,-115.54016999999999,40.27551,POINT (-115.54017 40.27551)
Corral Pass,Washington,418,-121.46463999999999,47.01872,POINT (-121.46464 47.01872)
Cottonwood Creek,Wyoming,419,-110.81482,42.6459,POINT (-110.81482 42.6459)
Cottonwood Lakes,California,CWD,-118.177,36.483000000000004,POINT (-118.177 36.483)
Cougar Mountain,Washington,420,-121.67138,47.27666,POINT (-121.67138 47.27666)
County Line,Oregon,422,-118.55015,45.19107,POINT (-118.55015 45.19107)
Cozy Cove,Idaho,423,-115.65508,44.28846,POINT (-115.65508 44.28846)
Crab Creek,Idaho,424,-111.99383999999999,44.437,POINT (-111.99384 44.437)
Crater Meadows,Idaho,425,-115.28903000000001,46.56394,POINT (-115.28903 46.56394)
Crazyman Flat,Oregon,1010,-120.94917,42.6381,POINT (-120.94917 42.6381)
Crescent Lake #1,Minnesota,2002,-93.95,45.41667,POINT (-93.95 45.41667)
Crosho,Colorado,426,-107.0575,40.16745,POINT (-107.0575 40.16745)
Crow Creek,Wyoming,1045,-105.38278000000001,41.2287,POINT (-105.38278 41.2287)
Crowder Flat,California,977,-120.75202,41.89318,POINT (-120.75202 41.89318)
Crystal Lake,Montana,427,-109.51205,46.78942,POINT (-109.51205 46.78942)
Css Lab,California,428,-120.36806999999999,39.32565,POINT (-120.36807 39.32565)
Culebra #2,Colorado,430,-105.19958999999999,37.20945,POINT (-105.19959 37.20945)
Cumbres Trestle,Colorado,431,-106.45178999999999,37.01878,POINT (-106.45179 37.01878)
Currant Creek,Utah,432,-111.08993000000001,40.35747,POINT (-111.08993 40.35747)
Daisy Peak,Montana,919,-110.33022,46.66858,POINT (-110.33022 46.66858)
Daly Creek,Montana,433,-113.8533,46.18367,POINT (-113.8533 46.18367)
Daly Lake,Oregon,434,-122.08718,44.52147,POINT (-122.08718 44.52147)
Dana Meadows,California,DAN,-119.257,37.897,POINT (-119.257 37.897)
Daniels-Strawberry,Utah,435,-111.25676999999999,40.2953,POINT (-111.25677 40.2953)
Darkhorse Lake,Montana,436,-113.58448,45.17367,POINT (-113.58448 45.17367)
Deadman Creek,Montana,437,-110.67545,46.792790000000004,POINT (-110.67545 46.79279)
Deadman Creek,California,DDM,-119.65299999999999,38.332,POINT (-119.653 38.332)
Deadman Hill,Colorado,438,-105.76993,40.80571,POINT (-105.76993 40.80571)
Deadwood Summit,Idaho,439,-115.5638,44.54514,POINT (-115.5638 44.54514)
Deer Park,Wyoming,923,-108.90273,42.590759999999996,POINT (-108.90273 42.59076)
Derr.,Oregon,440,-119.93012,44.4465,POINT (-119.93012 44.4465)
Devils Postpile,California,DPO,-119.085,37.629,POINT (-119.085 37.629)
Diamond Lake,Oregon,442,-122.14003000000001,43.187870000000004,POINT (-122.14003 43.18787)
Diamond Peak,Nevada,443,-115.84421,39.56361,POINT (-115.84421 39.56361)
Dills Camp,Utah,444,-111.46875,39.04554,POINT (-111.46875 39.04554)
Disaster Peak,Nevada,445,-118.18933999999999,41.96737,POINT (-118.18934 41.96737)
Dismal Swamp,California,446,-120.18033,41.99127,POINT (-120.18033 41.99127)
Divide,Montana,448,-112.05645,44.79317,POINT (-112.05645 44.79317)
Divide Peak,Wyoming,449,-107.15241,41.303979999999996,POINT (-107.15241 41.30398)
Dollarhide Summit,Idaho,450,-114.67416999999999,43.6025,POINT (-114.67417 43.6025)
Dome Lake,Wyoming,451,-107.29536999999999,44.57462,POINT (-107.29537 44.57462)
Dome Mountain,British Columbia,1A19P,-121.01666999999999,53.61666999999999,POINT (-121.01667 53.61666999999999)
Donkey Reservoir,Utah,452,-111.47412,38.2084,POINT (-111.47412 38.2084)
Dorsey Basin,Nevada,453,-115.21104,40.89343,POINT (-115.21104 40.89343)
Draw Creek,Nevada,454,-115.32396999999999,41.66198,POINT (-115.32397 41.66198)
Dry Bread Pond,Utah,455,-111.5377,41.412890000000004,POINT (-111.5377 41.41289)
Dry Creek,Nevada,1243,-115.22013999999999,40.8638,POINT (-115.22014 40.8638)
Dry Fork,Utah,906,-112.17343000000001,40.565329999999996,POINT (-112.17343 40.56533)
Dry Lake,Colorado,457,-106.7813,40.533970000000004,POINT (-106.7813 40.53397)
Dungeness,Washington,943,-123.0788,47.872240000000005,POINT (-123.0788 47.87224000000001)
Dupuyer Creek,Montana,458,-112.7573,48.06341,POINT (-112.7573 48.06341)
EF Blacks Fork GS,Utah,1163,-110.54056000000001,40.88472,POINT (-110.54056 40.88472)
East Boulder Mine,Montana,1105,-110.08018999999999,45.503809999999994,POINT (-110.08019 45.50380999999999)
East Creek,British Columbia,2D08P,-116.91667,50.63333,POINT (-116.91667 50.63333)
East Rim Divide,Wyoming,460,-110.2023,43.13097,POINT (-110.2023 43.13097)
East Willow Creek,Utah,461,-109.53178999999999,39.312129999999996,POINT (-109.53179 39.31213)
Easy Pass,Washington,998,-121.43895,48.85933,POINT (-121.43895 48.85933)
Ebbetts Pass,California,462,-119.80468,38.5497,POINT (-119.80468 38.5497)
Echo Lake,Colorado,936,-105.59345,39.65627,POINT (-105.59345 39.65627)
Echo Peak,California,463,-120.0795,38.849000000000004,POINT (-120.0795 38.849)
Eilertson Meadows,Oregon,464,-118.11386999999999,44.86887,POINT (-118.11387 44.86887)
El Diente Peak,Colorado,465,-108.02155,37.78617,POINT (-108.02155 37.78617)
Elbow Lake,Washington,910,-121.90893,48.69092,POINT (-121.90893 48.69092)
Elk Butte,Idaho,466,-116.12233,46.83998,POINT (-116.12233 46.83998)
Elk Cabin,New Mexico,921,-105.80675,35.7043,POINT (-105.80675 35.7043)
Elk Peak,Montana,1106,-110.7125,46.4845,POINT (-110.7125 46.4845)
Elk River,Colorado,467,-106.96871000000002,40.847809999999996,POINT (-106.96871 40.84781)
Elkhart Park G.S.,Wyoming,468,-109.75893,43.00657,POINT (-109.75893 43.00657)
Elkhead Divide,Colorado,1252,-107.10122,40.796490000000006,POINT (-107.10122 40.79649000000001)
Elliot Ridge,Colorado,1120,-106.4246,39.864000000000004,POINT (-106.4246 39.864)
Emery Creek,Montana,469,-113.93725,48.43412,POINT (-113.93725 48.43412)
Emigrant Springs,Oregon,470,-118.45383000000001,45.55808,POINT (-118.45383 45.55808)
Emigrant Summit,Idaho,471,-111.56085,42.36055,POINT (-111.56085 42.36055)
Evening Star,Wyoming,472,-109.78421999999999,44.65258,POINT (-109.78422 44.65258)
Exit Glacier,Alaska,1092,-149.62117,60.19033,POINT (-149.62117 60.19033)
Fairbanks F.O.,Alaska,1174,-147.8,64.85,POINT (-147.8 64.84999999999999)
Fallen Leaf,California,473,-120.0545,38.93403,POINT (-120.0545 38.93403)
Farewell Gap,California,FRW,-118.583,36.412,POINT (-118.583 36.412)
Farmington,Utah,474,-111.80975,40.97462,POINT (-111.80975 40.97462)
Farmington Lower,Utah,1054,-111.81702,40.992,POINT (-111.81702 40.992)
Farnsworth Lake,Utah,475,-111.67662,38.772459999999995,POINT (-111.67662 38.77246)
Fawn Creek,Nevada,476,-116.10153000000001,41.82098,POINT (-116.10153 41.82098)
Fielding Lake,Alaska,1268,-145.6305,63.20267,POINT (-145.6305 63.20267)
Fish Creek,Oregon,477,-118.6321,42.709920000000004,POINT (-118.6321 42.70992)
Fish Lake,Washington,478,-121.08553,47.53565,POINT (-121.08553 47.53565)
Fish Lake Utah,Utah,1149,-111.76693,38.50455,POINT (-111.76693 38.50455)
Fish Lk.,Oregon,479,-122.34943,42.3801,POINT (-122.34943 42.3801)
Fisher Creek,Montana,480,-109.94488,45.06235,POINT (-109.94488 45.06235)
Five Points Lake,Utah,481,-110.46721000000001,40.71785,POINT (-110.46721 40.71785)
Flattop Mtn.,Montana,482,-113.85713,48.80225,POINT (-113.85713 48.80225)
Floe Lake,British Columbia,2C14P,-116.13333,51.05,POINT (-116.13333 51.05)
Flower Mountain,Alaska,1285,-136.28123,59.39617,POINT (-136.28123 59.39617)
Fool Creek,Colorado,1186,-105.8675,39.8687,POINT (-105.8675 39.8687)
Forestdale Creek,California,1049,-119.9597,38.68245,POINT (-119.9597 38.68245)
Forni Ridge,California,FRN,-120.213,38.805,POINT (-120.213 38.805)
Fort Valley,Arizona,1121,-111.74486,35.26806,POINT (-111.74486 35.26806)
Four Trees,California,FOR,-121.321,39.813,POINT (-121.321 39.813)
Fourmile Lake,Oregon,483,-122.2288,42.43933,POINT (-122.2288 42.43933)
Franklin Basin,Idaho,484,-111.6012,42.0505,POINT (-111.6012 42.0505)
Fredonyer Peak,California,1277,-120.60805,40.68799,POINT (-120.60805 40.68799)
Fremont Pass,Colorado,485,-106.19681000000001,39.379909999999995,POINT (-106.19681 39.37991)
Frisco Divide,New Mexico,486,-108.94502,33.73646,POINT (-108.94502 33.73646)
Frohner Meadow,Montana,487,-112.19277,46.43545,POINT (-112.19277 46.43545)
Fry,Arizona,488,-111.84374,35.07297,POINT (-111.84374 35.07297)
Fry Canyon,Nevada,1262,-115.93645,41.57022,POINT (-115.93645 41.57022)
GBRC HQ,Utah,1221,-111.48827,39.320190000000004,POINT (-111.48827 39.32019)
GBRC Meadows,Utah,1222,-111.45383000000001,39.30229,POINT (-111.45383 39.30229)
Galena,Idaho,489,-114.6725,43.87722,POINT (-114.6725 43.87722)
Galena AK,Alaska,429,-156.71497,64.69662,POINT (-156.71497 64.69662)
Galena Summit,Idaho,490,-114.71363000000001,43.874970000000005,POINT (-114.71363 43.87497)
Gallegos Peak,New Mexico,491,-105.55795,36.19446,POINT (-105.55795 36.19446)
Garden City Summit,Utah,1114,-111.4693,41.9215,POINT (-111.4693 41.9215)
Gardner Peak,Utah,1066,-113.45988,37.40083,POINT (-113.45988 37.40083)
Garfield R.S.,Idaho,492,-113.9308,43.6104,POINT (-113.9308 43.6104)
Garita Peak,New Mexico,1173,-106.54838000000001,36.005,POINT (-106.54838 36.005)
Garver Creek,Montana,918,-115.81915,48.975229999999996,POINT (-115.81915 48.97523)
Gem Pass,California,GEM,-119.17,37.78,POINT (-119.17 37.78)
George Creek,Utah,1151,-113.41153999999999,41.915620000000004,POINT (-113.41154 41.91562)
Gerber Reservoir,Oregon,945,-121.1334,42.2062,POINT (-121.1334 42.2062)
Gianelli Meadow,California,GNL,-119.89200000000001,38.205,POINT (-119.892 38.205)
Giant Forest,California,GNF,-118.765,36.562,POINT (-118.765 36.562)
Gin Flat,California,GIN,-119.773,37.766999999999996,POINT (-119.773 37.767)
Giveout,Idaho,493,-111.1663,42.4132,POINT (-111.1663 42.4132)
Glacial Ridge,Minnesota,2050,-96.26666999999999,47.71667,POINT (-96.26666999999999 47.71667)
Glen Cove,Colorado,1057,-105.07366999999999,38.87583,POINT (-105.07367 38.87583)
Golconda,Nevada,1195,-117.58811999999999,40.88358,POINT (-117.58812 40.88358)
Gold Axe Camp,Washington,1159,-118.9864,48.9516,POINT (-118.9864 48.9516)
Gold Center,Oregon,494,-118.3117,44.7638,POINT (-118.3117 44.7638)
Gold Lake,California,GOL,-120.615,39.675,POINT (-120.615 39.675)
Gold Mountain,Washington,1256,-118.4559,48.18934,POINT (-118.4559 48.18934)
Gooseberry RS,Utah,495,-111.68333,38.800340000000006,POINT (-111.68333 38.80034000000001)
Gooseberry RS Up,Utah,1184,-111.68892,38.7882,POINT (-111.68892 38.7882)
Graham Guard Sta.,Idaho,496,-115.27387,43.9538,POINT (-115.27387 43.9538)
Grand Targhee,Wyoming,1082,-110.92783,43.77933,POINT (-110.92783 43.77933)
Grandview,Alaska,956,-149.06313,60.60831999999999,POINT (-149.06313 60.60831999999999)
Granite Creek,Wyoming,497,-110.43495,43.34298,POINT (-110.43495 43.34298)
Granite Crk,Alaska,963,-145.39993,63.943819999999995,POINT (-145.39993 63.94382)
Granite Peak,Nevada,498,-117.56668,41.670320000000004,POINT (-117.56668 41.67032)
Grano Creek,British Columbia,2E07P,-118.66667,49.55,POINT (-118.66667 49.55)
Grassy Lake,Wyoming,499,-110.83435,44.12612,POINT (-110.83435 44.12612)
Grave Creek,Montana,500,-114.76663,48.91453,POINT (-114.76663 48.91453)
Grave Springs,Wyoming,501,-107.23977,43.466429999999995,POINT (-107.23977 43.46643)
Grayback,Colorado,1058,-106.53783,37.47033,POINT (-106.53783 37.47033)
Greek Store,California,GKS,-120.55799999999999,39.075,POINT (-120.558 39.075)
Green Lake,Washington,502,-121.17093,46.54741,POINT (-121.17093 46.54741)
Green Mountain,British Columbia,1C12P,-122.91667,50.78333,POINT (-122.91667 50.78333)
Green Mountain,Nevada,503,-115.52757,40.3848,POINT (-115.52757 40.3848)
Green Mountain,California,GRM,-119.238,37.555,POINT (-119.238 37.555)
Greenpoint,Oregon,504,-121.70415,45.622370000000004,POINT (-121.70415 45.62237)
Grizzly Peak,Colorado,505,-105.86973,39.64631,POINT (-105.86973 39.64631)
Grizzly Ridge,California,GRZ,-120.645,39.917,POINT (-120.645 39.917)
Gros Ventre Summit,Wyoming,506,-110.12943,43.38939,POINT (-110.12943 43.38939)
Grouse Camp,Washington,507,-120.48771,47.28107,POINT (-120.48771 47.28107)
Grouse Creek Divide,Alaska,964,-149.34228000000002,60.25965,POINT (-149.34228 60.25965)
Gulkana River,Alaska,2222,-145.37513,62.40962,POINT (-145.37513 62.40962)
Gunsight Pass,Wyoming,944,-109.87815,43.38332,POINT (-109.87815 43.38332)
Gutz Peak,Utah,1065,-113.94235,37.49617,POINT (-113.94235 37.49617)
Hagans Meadow,California,508,-119.9374,38.8519,POINT (-119.9374 38.8519)
Hams Fork,Wyoming,509,-110.67833,42.146,POINT (-110.67833 42.146)
Hand Creek,Montana,510,-114.84075,48.30754,POINT (-114.84075 48.30754)
Hannagan Meadows,Arizona,511,-109.30951999999999,33.65387,POINT (-109.30952 33.65387)
Hansen Sawmill,Wyoming,512,-106.97983,44.25602,POINT (-106.97983 44.25602)
Happy Jack,Arizona,969,-111.41207,34.745979999999996,POINT (-111.41207 34.74598)
Hardscrabble,Utah,896,-111.71865,40.86833,POINT (-111.71865 40.86833)
Harkness Flat,California,HRK,-121.275,40.418,POINT (-121.275 40.418)
Harris Flat,Utah,514,-112.57602,37.48997,POINT (-112.57602 37.48997)
Harts Pass,Washington,515,-120.6586,48.72047,POINT (-120.6586 48.72047)
Hawkins Lake,Montana,516,-115.95336999999999,48.9723,POINT (-115.95337 48.9723)
Hawley Lake,Arizona,1271,-109.76528,33.97142,POINT (-109.76528 33.97142)
Hayden Fork,Utah,517,-110.88472,40.796690000000005,POINT (-110.88472 40.79669000000001)
Hayden Pass,Colorado,1102,-105.8505,38.29326,POINT (-105.8505 38.29326)
Heavenly Valley,California,518,-119.91641000000001,38.92431,POINT (-119.91641 38.92431)
Heber,Arizona,519,-110.75431,34.312020000000004,POINT (-110.75431 34.31202)
Hedrick Lake,British Columbia,1A14P,-121.0,54.1,POINT (-121 54.1)
Heen Latinee,Alaska,1270,-134.86448000000001,58.69651999999999,POINT (-134.86448 58.69651999999999)
Hemlock Butte,Idaho,520,-115.63361,46.48111,POINT (-115.63361 46.48111)
Hewinta,Utah,521,-110.48418999999998,40.95009,POINT (-110.48419 40.95009)
Hickerson Park,Utah,522,-109.96287,40.90663,POINT (-109.96287 40.90663)
Hidden Lake,Idaho,988,-116.75748,48.8937,POINT (-116.75748 48.8937)
High Lonesome,Colorado,1187,-105.75471,40.035920000000004,POINT (-105.75471 40.03592)
High Ridge,Oregon,523,-118.10656999999999,45.69682,POINT (-118.10657 45.69682)
Highland Lakes,California,HIG,-122.48299999999999,41.093,POINT (-122.483 41.093)
Highland Meadow,California,HHM,-119.805,38.49,POINT (-119.805 38.49)
Hilts Creek,Idaho,524,-113.4723,44.01897,POINT (-113.4723 44.01897)
Hobble Creek,Utah,1223,-111.35971,40.18538,POINT (-111.35971 40.18538)
Hobbs Park,Wyoming,525,-109.09455,42.86984,POINT (-109.09455 42.86984)
Hogg Pass,Oregon,526,-121.85655,44.42042,POINT (-121.85655 44.42042)
Hole-in-Mountain,Nevada,527,-115.0954,40.94168,POINT (-115.0954 40.94168)
Hole-in-Rock,Utah,528,-110.18623000000001,40.92167,POINT (-110.18623 40.92167)
Holland Meadows,Oregon,529,-122.56877,43.66917,POINT (-122.56877 43.66917)
Hoodoo Basin,Montana,530,-115.0349,46.9751,POINT (-115.0349 46.9751)
Hoosier Pass,Colorado,531,-106.05978,39.361270000000005,POINT (-106.05978 39.36127)
Hopewell,New Mexico,532,-106.26348,36.71631,POINT (-106.26348 36.71631)
Horse Meadow,California,1050,-119.88731999999999,38.83652,POINT (-119.88732 38.83652)
Horse Meadow,California,HRS,-119.662,38.158,POINT (-119.662 38.158)
Horse Ridge,Utah,533,-111.44623999999999,41.31372,POINT (-111.44624 41.31372)
Hourglass Lake,Colorado,1122,-105.63068,40.57913,POINT (-105.63068 40.57913)
Howard Prairie,Oregon,1158,-122.3713,42.215,POINT (-122.3713 42.215)
Howell Canyon,Idaho,534,-113.61587,42.32029,POINT (-113.61587 42.32029)
Hubbard Brook,New Hampshire,2069,-71.71667,43.93333,POINT (-71.71666999999999 43.93333)
Huckleberry Creek,Washington,928,-121.58778000000001,47.06565,POINT (-121.58778 47.06565)
Humboldt Gulch,Idaho,535,-115.77643,47.53178,POINT (-115.77643 47.53178)
Humbug,California,HMB,-121.368,40.115,POINT (-121.368 40.115)
Huntington Horse,Utah,1216,-111.30576,39.617740000000005,POINT (-111.30576 39.61774)
Huntington Lake,California,HNT,-119.221,37.228,POINT (-119.221 37.228)
Huysink,California,HYS,-120.527,39.282,POINT (-120.527 39.282)
Hyndman,Idaho,537,-114.15893999999999,43.710770000000004,POINT (-114.15894 43.71077)
Idarado,Colorado,538,-107.67551999999999,37.9339,POINT (-107.67552 37.9339)
Independence Camp,California,539,-120.29366999999999,39.452690000000004,POINT (-120.29367 39.45269)
Independence Creek,California,540,-120.28226000000001,39.49001,POINT (-120.28226 39.49001)
Independence Lake,California,541,-120.31342,39.42752,POINT (-120.31342 39.42752)
Independence Mine,Alaska,1091,-149.27966999999998,61.791169999999994,POINT (-149.27967 61.79116999999999)
Independence Pass,Colorado,542,-106.61169,39.075390000000006,POINT (-106.61169 39.07539000000001)
Indian Canyon,Utah,543,-110.74604,39.891659999999995,POINT (-110.74604 39.89165999999999)
Indian Creek,Wyoming,544,-110.67753,42.30023,POINT (-110.67753 42.30023)
Indian Pass,Alaska,946,-149.4795,61.06766999999999,POINT (-149.4795 61.06766999999999)
Indian Rock,Washington,1129,-120.80767,45.99077,POINT (-120.80767 45.99077)
Irish Taylor,Oregon,545,-121.94793,43.80368,POINT (-121.94793 43.80368)
Island Park,Idaho,546,-111.38512,44.4203,POINT (-111.38512 44.4203)
Ivanhoe,Colorado,547,-106.54923000000001,39.29202,POINT (-106.54923 39.29202)
JL Meadow,Montana,1287,-113.12217,44.77665,POINT (-113.12217 44.77665)
Jack Creek Upper,Nevada,548,-116.00516999999999,41.54675,POINT (-116.00517 41.54675)
Jack Wade Jct,Alaska,1275,-141.32693,64.1529,POINT (-141.32693 64.1529)
Jackson Peak,Idaho,550,-115.44322,44.05092,POINT (-115.44322 44.05092)
Jackwhacker Gulch,Colorado,935,-105.8,39.56667,POINT (-105.8 39.56667)
Joe Wright,Colorado,551,-105.887,40.53215,POINT (-105.887 40.53215)
Jones Corral,Utah,1099,-112.16788000000001,38.07125,POINT (-112.16788 38.07125)
Jones Pass,Colorado,970,-105.90623000000001,39.7645,POINT (-105.90623 39.7645)
Jump Creek,British Columbia,3B23P,-124.26666999999999,48.96667,POINT (-124.26667 48.96667)
Jump Off Joe,Oregon,552,-122.16683,44.38605,POINT (-122.16683 44.38605)
June Lake,Washington,553,-122.15413000000001,46.14778,POINT (-122.15413 46.14778)
Kaiser Point,California,KSP,-119.1,37.3,POINT (-119.1 37.3)
Kalamazoo,Nevada,1150,-114.62762,39.5579,POINT (-114.62762 39.5579)
Kelley R.S.,Wyoming,554,-110.80176999999999,42.26554,POINT (-110.80177 42.26554)
Kelly Station,Alaska,1175,-162.28333,67.93333,POINT (-162.28333 67.93333)
Kenai Moose Pens,Alaska,966,-150.47517,60.727,POINT (-150.47517 60.727)
Kendall R.S.,Wyoming,555,-110.01661999999999,43.2493,POINT (-110.01662 43.2493)
Kettle Rock,California,KTL,-120.715,40.14,POINT (-120.715 40.14)
Kilfoil Creek,Utah,1145,-111.41248999999999,41.247640000000004,POINT (-111.41249 41.24764)
Kiln,Colorado,556,-106.61453,39.317240000000005,POINT (-106.61453 39.31724000000001)
Kimberly Mine,Utah,557,-112.39273,38.48383,POINT (-112.39273 38.48383)
Kinaskan Lake,British Columbia,4D11P,-130.25,57.566669999999995,POINT (-130.25 57.56666999999999)
King Mountain,Oregon,558,-123.20036999999999,42.72395,POINT (-123.20037 42.72395)
Kings Cabin,Utah,559,-109.54401000000001,40.71632,POINT (-109.54401 40.71632)
Kirwin,Wyoming,560,-109.32163,43.86067,POINT (-109.32163 43.86067)
Klondike Narrows,Utah,1115,-111.59713,41.967690000000005,POINT (-111.59713 41.96769)
Kolob,Utah,561,-113.05386000000001,37.52664,POINT (-113.05386 37.52664)
Kostal Lake,British Columbia,1E10P,-120.01666999999999,52.2,POINT (-120.01667 52.2)
Kraft Creek,Montana,562,-113.77515,47.42749,POINT (-113.77515 47.42749)
Kwadacha River,British Columbia,4A27P,-125.06667,57.61666999999999,POINT (-125.06667 57.61666999999999)
Lake Creek R.S.,Oregon,563,-118.63752,44.21007,POINT (-118.63752 44.21007)
Lake Eldora,Colorado,564,-105.58956,39.93678,POINT (-105.58956 39.93678)
Lake Irene,Colorado,565,-105.8198,40.414320000000004,POINT (-105.8198 40.41432)
Lake Lois,California,LOS,-120.197,38.925,POINT (-120.197 38.925)
Lakefork #1,Utah,566,-110.43316000000002,40.59709,POINT (-110.43316 40.59709)
Lakefork #3,Utah,1116,-110.3529,40.5502,POINT (-110.3529 40.5502)
Lakefork Basin,Utah,513,-110.62121,40.73785,POINT (-110.62121 40.73785)
Lakeview Ridge,Montana,568,-111.82498000000001,44.58907,POINT (-111.82498 44.58907)
Lamance Creek,Nevada,569,-117.63197,41.51542,POINT (-117.63197 41.51542)
Lamoille #3,Nevada,570,-115.3812,40.6448,POINT (-115.3812 40.6448)
Laprele Creek,Wyoming,571,-105.86083,42.435829999999996,POINT (-105.86083 42.43583)
Larsen Creek,Wyoming,1134,-109.0883,42.5801,POINT (-109.0883 42.5801)
Lasal Mountain,Utah,572,-109.27198,38.48226,POINT (-109.27198 38.48226)
Lasal Mountain-Lower,Utah,1215,-109.29163999999999,38.48167,POINT (-109.29164 38.48167)
Laurel Draw,Nevada,573,-116.02956999999999,41.77637,POINT (-116.02957 41.77637)
Leavitt Lake,California,574,-119.61281000000001,38.275940000000006,POINT (-119.61281 38.27594000000001)
Leavitt Meadows,California,575,-119.55111000000001,38.303670000000004,POINT (-119.55111 38.30367)
Lee Canyon,Nevada,1112,-115.67508000000001,36.30537,POINT (-115.67508 36.30537)
Lemhi Ridge,Montana,576,-113.44398999999999,44.9938,POINT (-113.44399 44.9938)
Lewis Lake Divide,Wyoming,577,-110.66628,44.20862,POINT (-110.66628 44.20862)
Lewis Peak,Nevada,1006,-116.86492,40.35757,POINT (-116.86492 40.35757)
Lick Creek,Montana,578,-110.96625,45.5041,POINT (-110.96625 45.5041)
Lightning Ridge,Utah,1056,-111.48749,41.358909999999995,POINT (-111.48749 41.35890999999999)
Lily Lake,Utah,579,-110.79813,40.86493,POINT (-110.79813 40.86493)
Lily Pond,Colorado,580,-106.54835,37.379290000000005,POINT (-106.54835 37.37929)
Little Bear,Utah,582,-111.82607,41.40562,POINT (-111.82607 41.40562)
Little Chena Ridge,Alaska,947,-146.7339,65.12422,POINT (-146.7339 65.12421999999999)
Little Goose,Wyoming,1131,-107.17865,44.54315,POINT (-107.17865 44.54315)
Little Grassy,Utah,583,-113.84581999999999,37.486309999999996,POINT (-113.84582 37.48631)
Little Meadows,Oregon,584,-122.22565,44.612970000000004,POINT (-122.22565 44.61297)
Little Snake River,Wyoming,1047,-106.94283,41.07053,POINT (-106.94283 41.07053)
Little Valley,Nevada,1242,-119.8771,39.252590000000005,POINT (-119.8771 39.25259)
Little Warm,Wyoming,585,-109.75200000000001,43.50278,POINT (-109.752 43.50278)
Lizard Head Pass,Colorado,586,-107.92426,37.79926,POINT (-107.92426 37.79926)
Lobdell Lake,California,587,-119.36572,38.43745,POINT (-119.36572 38.43745)
Lolo Pass,Idaho,588,-114.58072,46.634479999999996,POINT (-114.58072 46.63448)
Lone Cone,Colorado,589,-108.19543999999999,37.89183,POINT (-108.19544 37.89183)
Lone Mountain,Montana,590,-111.42692,45.27412,POINT (-111.42692 45.27412)
Lone Pine,Washington,591,-121.96288,46.27143,POINT (-121.96288 46.27143)
Lonesome Beaver,Utah,1261,-110.77241000000001,38.07,POINT (-110.77241 38.07)
Long Draw Resv,Colorado,1123,-105.7656,40.5123,POINT (-105.7656 40.5123)
Long Flat,Utah,592,-113.39661000000001,37.51255,POINT (-113.39661 37.51255)
Long Lake,Alaska,1001,-133.83217,58.18600000000001,POINT (-133.83217 58.18600000000001)
Long Valley,Idaho,1016,-116.08878,44.78835,POINT (-116.08878 44.78835)
Long Valley Jct,Utah,593,-112.51458000000001,37.487559999999995,POINT (-112.51458 37.48755999999999)
Lookout,Idaho,594,-115.70456999999999,47.45749,POINT (-115.70457 47.45749)
Lookout Mountain,New Mexico,595,-107.83122,33.36027,POINT (-107.83122 33.36027)
Lookout Peak,Utah,596,-111.70965,40.837309999999995,POINT (-111.70965 40.83731)
Loomis Park,Wyoming,597,-110.14007,43.17387,POINT (-110.14007 43.17387)
Lost Creek Resv,Utah,1118,-111.35947,41.22155,POINT (-111.35947 41.22155)
Lost Dog,Colorado,940,-106.74835,40.81588,POINT (-106.74835 40.81588)
Lost Horse,Washington,599,-121.08095,46.3575,POINT (-121.08095 46.3575)
Lost Lake,Idaho,600,-115.9604,47.0809,POINT (-115.9604 47.0809)
Lost-Wood Divide,Idaho,601,-114.26402,43.82432,POINT (-114.26402 43.82432)
Louis Meadow,Utah,972,-111.76456999999999,40.83033,POINT (-111.76457 40.83033)
Loveland Basin,Colorado,602,-105.90133,39.67433,POINT (-105.90133 39.67433)
Lower Kibbie Ridge,California,KIB,-119.87700000000001,38.032,POINT (-119.877 38.032)
Lower Lassen Peak,California,LLP,-121.507,40.468,POINT (-121.507 40.468)
Lower Relief Valley,California,REL,-119.758,38.243,POINT (-119.758 38.243)
Lower Twin,Montana,603,-111.92288,45.50871,POINT (-111.92288 45.50871)
Lu Lake,British Columbia,4B15P,-126.3,54.183330000000005,POINT (-126.3 54.18333000000001)
Lubrecht Flume,Montana,604,-113.32228,46.88293,POINT (-113.32228 46.88293)
Lucky Strike,Oregon,605,-118.8479,45.27478,POINT (-118.8479 45.27478)
Lye Brook,Vermont,2042,-73.03333,43.05,POINT (-73.03333000000001 43.05)
Lyman Lake,Washington,606,-120.91678,48.19798,POINT (-120.91678 48.19798)
Lynn Lake,Washington,1069,-121.77972,47.20172,POINT (-121.77972 47.20172)
Lynx Pass,Colorado,607,-106.67028,40.07806,POINT (-106.67028 40.07806)
MF Nooksack,Washington,1011,-121.92951000000001,48.824529999999996,POINT (-121.92951 48.82453)
Madison Butte,Oregon,608,-119.49585,45.105129999999996,POINT (-119.49585 45.10513)
Madison Plateau,Montana,609,-111.11627,44.58623,POINT (-111.11627 44.58623)
Magic Mountain,Idaho,610,-114.28662,42.18072,POINT (-114.28662 42.18072)
Mahantango Ck,Pennsylvania,2028,-76.66667,40.66667,POINT (-76.66667 40.66667)
Mammoth Pass,California,MHP,-119.03299999999999,37.61,POINT (-119.033 37.61)
Mammoth-Cottonwood,Utah,612,-111.31818,39.68338,POINT (-111.31818 39.68338)
Mancos,Colorado,905,-108.16953999999998,37.43087,POINT (-108.16954 37.43087)
Many Glacier,Montana,613,-113.6705,48.79698,POINT (-113.6705 48.79698)
Marion Forks,Oregon,614,-121.97365,44.59397,POINT (-121.97365 44.59397)
Marlette Lake,Nevada,615,-119.89672,39.16395,POINT (-119.89672 39.16395)
Marquette,Wyoming,616,-109.24018999999998,44.3016,POINT (-109.24019 44.3016)
Marten Ridge,Washington,999,-121.69823000000001,48.76292,POINT (-121.69823 48.76292)
Mascoma River,New Hampshire,2043,-72.03333,43.78333,POINT (-72.03333000000001 43.78333)
Maverick Fork,Arizona,617,-109.45881000000001,33.921209999999995,POINT (-109.45881 33.92120999999999)
May Creek,Alaska,1096,-142.70967,61.34783,POINT (-142.70967 61.34783)
Mc Clure Pass,Colorado,618,-107.28806000000002,39.12897,POINT (-107.28806 39.12897)
McBride Upper,British Columbia,1A02P,-120.31667,53.3,POINT (-120.31667 53.3)
Mccoy Park,Colorado,1040,-106.54128,39.60468,POINT (-106.54128 39.60468)
Mckenzie,Oregon,619,-121.87292,44.2103,POINT (-121.87292 44.2103)
Mcknight Cabin,New Mexico,1048,-107.86975,33.00812,POINT (-107.86975 33.00812)
Mcneil Canyon,Alaska,1003,-151.25133,59.744330000000005,POINT (-151.25133 59.74433000000001)
Meadow Lake,Idaho,620,-113.31815,44.43655,POINT (-113.31815 44.43655)
Meadow Lake,California,MDW,-120.508,39.417,POINT (-120.508 39.417)
Meadows Pass,Washington,897,-121.47197,47.283120000000004,POINT (-121.47197 47.28312)
Med Bow,Wyoming,1196,-106.34681,41.37833,POINT (-106.34681 41.37833)
Medano Pass,Colorado,914,-105.43614,37.85164,POINT (-105.43614 37.85164)
Medicine Lake,California,MED,-121.613,41.586999999999996,POINT (-121.613 41.587)
Merchant Valley,Utah,621,-112.43637,38.30285,POINT (-112.43637 38.30285)
Mesa Lakes,Colorado,622,-108.05835,39.05831,POINT (-108.05835 39.05831)
Mica Creek,Idaho,623,-116.26643,47.15045,POINT (-116.26643 47.15045)
Michigan Creek,Colorado,937,-105.91078,39.43577,POINT (-105.91078 39.43577)
Middle Boulder 3,California,MB3,-122.811,41.225,POINT (-122.811 41.225)
Middle Creek,Colorado,624,-107.03482,37.61978,POINT (-107.03482 37.61978)
Middle Fork Camp,Colorado,1014,-106.0273,39.7956,POINT (-106.0273 39.7956)
Middle Powder,Wyoming,625,-107.18138,43.62728,POINT (-107.18138 43.62728)
Midway Valley,Utah,626,-112.83849,37.56933,POINT (-112.83849 37.56933)
Milk Shakes,Oregon,1079,-117.94883,45.9821,POINT (-117.94883 45.9821)
Mill Creek Summit,Idaho,627,-114.48992,44.472120000000004,POINT (-114.48992 44.47212)
Mill-D North,Utah,628,-111.63683,40.65883,POINT (-111.63683 40.65883)
Miller Woods,Oregon,1084,-123.27563,45.24755,POINT (-123.27563 45.24755)
Mineral Creek,Colorado,629,-107.72657,37.84747,POINT (-107.72657 37.84747)
Mining Fork,Utah,631,-112.61141,40.493840000000006,POINT (-112.61141 40.49384000000001)
Mission Creek,British Columbia,2F05P,-118.93333,49.93333,POINT (-118.93333 49.93333)
Mission Ridge,British Columbia,1C18P,-122.2,50.75,POINT (-122.2 50.75)
Mitchell Meadow,California,MTM,-118.712,36.736999999999995,POINT (-118.712 36.73699999999999)
Molas Lake,Colorado,632,-107.68866000000001,37.749320000000004,POINT (-107.68866 37.74932)
Molson Creek,British Columbia,2A21P,-118.21667,52.21667,POINT (-118.21667 52.21667)
Monitor Pass,California,633,-119.6087,38.6683,POINT (-119.6087 38.6683)
Monte Cristo,Utah,634,-111.49688,41.46547,POINT (-111.49688 41.46547)
Monument Creek,Alaska,949,-145.87067,65.07833000000001,POINT (-145.87067 65.07833000000001)
Monument Peak,Montana,635,-110.23700000000001,45.21759,POINT (-110.237 45.21759)
Moon Pass,Colorado,1124,-106.55837,37.966609999999996,POINT (-106.55837 37.96661)
Moonshine,Idaho,636,-113.39811999999999,44.4147,POINT (-113.39812 44.4147)
Moose Creek,Idaho,638,-113.95315,45.67008,POINT (-113.95315 45.67008)
Moraine,Alaska,1035,-148.99917,61.377269999999996,POINT (-148.99917 61.37727)
Mores Creek Summit,Idaho,637,-115.66588,43.931999999999995,POINT (-115.66588 43.932)
Morgan Creek,Idaho,639,-114.26871000000001,44.84237,POINT (-114.26871 44.84237)
Mormon Mountain,Arizona,640,-111.51848999999999,34.94109,POINT (-111.51849 34.94109)
Mormon Mtn Summit,Arizona,1125,-111.50922,34.969640000000005,POINT (-111.50922 34.96964000000001)
Morrissey Ridge,British Columbia,2C09Q,-114.96667,49.45,POINT (-114.96667 49.45)
Morse Lake,Washington,642,-121.4827,46.90585,POINT (-121.4827 46.90585)
Mosby Mtn.,Utah,643,-109.8881,40.60798,POINT (-109.8881 40.60798)
Moscow Mountain,Idaho,989,-116.8535,46.805,POINT (-116.8535 46.805)
Moses Mtn,Washington,644,-119.08158999999999,48.36163,POINT (-119.08159 48.36163)
Mosley Creek Upper,British Columbia,3A24P,-124.61667,51.76667,POINT (-124.61667 51.76667)
Mosquito Ridge,Idaho,645,-116.23055,48.05726,POINT (-116.23055 48.05726)
Moss Peak,Montana,646,-113.9623,47.68493,POINT (-113.9623 47.68493)
Moss Springs,Oregon,647,-117.68746999999999,45.27173,POINT (-117.68747 45.27173)
Mount Cook,British Columbia,1E02P,-119.31667,52.16667,POINT (-119.31667 52.16667)
Mount Crag,Washington,648,-123.02600000000001,47.7637,POINT (-123.026 47.7637)
Mount Gardner,Washington,898,-121.56812,47.35768,POINT (-121.56812 47.35768)
Mount Lockhart,Montana,649,-112.8238,47.91727,POINT (-112.8238 47.91727)
Mount Mansfield,Vermont,2041,-72.83333,44.53333,POINT (-72.83333 44.53333)
Mount Pondosy,British Columbia,1B08P,-126.86667,53.15,POINT (-126.86667 53.15)
Mount Revelstoke,British Columbia,2A06P,-118.13333,51.03333,POINT (-118.13333 51.03333)
Mount Wells,British Columbia,1B01P,-126.41667,53.71666999999999,POINT (-126.41667 53.71666999999999)
Mountain Meadows,Idaho,650,-115.22972,45.696940000000005,POINT (-115.22972 45.69694)
Mowich,Washington,941,-121.95232,46.928329999999995,POINT (-121.95232 46.92833)
Moyie Mountain,British Columbia,2C10P,-115.76666999999999,49.25,POINT (-115.76667 49.25)
Mt Baldy,Utah,1224,-111.50527,39.13648,POINT (-111.50527 39.13648)
Mt Hood Test Site,Oregon,651,-121.7158,45.32097,POINT (-121.7158 45.32097)
Mt Pennell,Utah,1269,-110.7933,37.97793,POINT (-110.7933 37.97793)
Mt Rose Ski Area,Nevada,652,-119.89473000000001,39.31573,POINT (-119.89473 39.31573)
Mt. Alyeska,Alaska,1103,-149.08616999999998,60.959830000000004,POINT (-149.08617 60.95983)
Mt. Eyak,Alaska,1073,-145.745,60.55,POINT (-145.745 60.55)
Mt. Howard,Oregon,653,-117.17373,45.26522,POINT (-117.17373 45.26522)
Mt. Ryan,Alaska,948,-146.15133,65.25113,POINT (-146.15133 65.25113)
Muckamuck,Washington,1259,-119.86623999999999,48.58526,POINT (-119.86624 48.58526)
Mud Flat,Idaho,654,-116.55925,42.6004,POINT (-116.55925 42.6004)
Mud Ridge,Oregon,655,-121.73673000000001,45.25362,POINT (-121.73673 45.25362)
Mule Creek,Montana,656,-112.95926999999999,45.40957,POINT (-112.95927 45.40957)
Mumbo Basin,California,MUM,-122.523,41.196999999999996,POINT (-122.523 41.197)
Munson Ridge,Alaska,950,-146.20945,64.85033,POINT (-146.20945 64.85033)
Myrtle Creek,Idaho,1053,-116.46311999999999,48.72263,POINT (-116.46312 48.72263)
N Fk Elk Creek,Montana,657,-113.27725,46.8716,POINT (-113.27725 46.8716)
Nast Lake,Colorado,658,-106.60694,39.29722,POINT (-106.60694 39.29722)
Navajo Whiskey Ck,New Mexico,1138,-108.94691,36.177279999999996,POINT (-108.94691 36.17728)
Nevada Ridge,Montana,903,-112.50787,46.84234,POINT (-112.50787 46.84234)
Never Summer,Colorado,1031,-105.95583,40.40405,POINT (-105.95583 40.40405)
New Crescent Lake,Oregon,660,-121.97981999999999,43.51185,POINT (-121.97982 43.51185)
New Fork Lake,Wyoming,661,-109.94946999999999,43.11265,POINT (-109.94947 43.11265)
Nez Perce Camp,Montana,662,-114.48075,45.73107,POINT (-114.48075 45.73107)
Niwot,Colorado,663,-105.54426000000001,40.03523,POINT (-105.54426 40.03523)
Noel Spring,California,NLS,-122.667,39.538000000000004,POINT (-122.667 39.538)
Noisy Basin,Montana,664,-113.94637,48.15678,POINT (-113.94637 48.15678)
North Costilla,New Mexico,665,-105.25963,36.99378,POINT (-105.25963 36.99378)
North Fork,Oregon,666,-122.00283,45.5505,POINT (-122.00283 45.5505)
North Fork Jocko,Montana,667,-113.75617,47.2726,POINT (-113.75617 47.2726)
North French Creek,Wyoming,668,-106.37555,41.3308,POINT (-106.37555 41.3308)
North Lost Trail,Colorado,669,-107.14388999999998,39.07813,POINT (-107.14389 39.07813)
North Rapid Creek,South Dakota,920,-103.78758,44.20617,POINT (-103.78758 44.20617)
Northeast Entrance,Montana,670,-110.01406000000001,45.00565,POINT (-110.01406 45.00565)
Nostetuko River,British Columbia,3A22P,-124.45,51.23333,POINT (-124.45 51.23333)
Nutrioso,Arizona,1127,-109.15517,33.89747,POINT (-109.15517 33.89747)
ONeil Creek,Nevada,1272,-115.08316,41.8642,POINT (-115.08316 41.8642)
Oak Creek,Utah,1146,-112.32638999999999,39.3485,POINT (-112.32639 39.3485)
Ochoco Meadows,Oregon,671,-120.3311,44.42917,POINT (-120.3311 44.42917)
Olallie Meadows,Washington,672,-121.44213,47.37406,POINT (-121.44213 47.37406)
Old Battle,Wyoming,673,-106.96937,41.15397,POINT (-106.96937 41.15397)
Onion Park,Montana,1008,-110.8536,46.91348,POINT (-110.8536 46.91348)
Ostrander Lake,California,STR,-119.55,37.637,POINT (-119.55 37.637)
Overland Res.,Colorado,675,-107.63472,39.090559999999996,POINT (-107.63472 39.09056)
Owl Creek,Wyoming,676,-109.00988000000001,43.65868,POINT (-109.00988 43.65868)
Oxford Spring,Idaho,677,-112.12515,42.26015,POINT (-112.12515 42.26015)
Palo,New Mexico,1170,-105.33063,36.40848,POINT (-105.33063 36.40848)
Panguitch Lake RS,Utah,1148,-112.65037,37.70463,POINT (-112.65037 37.70463)
Paradise,Washington,679,-121.74765,46.78265,POINT (-121.74765 46.78265)
Paradise Meadow,California,PDS,-119.67,38.047,POINT (-119.67 38.047)
Park Cone,Colorado,680,-106.58973999999999,38.819959999999995,POINT (-106.58974 38.81995999999999)
Park Creek Ridge,Washington,681,-120.91551000000001,48.44488,POINT (-120.91551 48.44488)
Park Mountain,British Columbia,1F03P,-118.61667,50.43333,POINT (-118.61667 50.43333)
Park Reservoir,Colorado,682,-107.87414,39.046440000000004,POINT (-107.87414 39.04644)
Parker Peak,Wyoming,683,-109.91483999999998,44.733959999999996,POINT (-109.91484 44.73396)
Parleys Summit,Utah,684,-111.62917,40.76184,POINT (-111.62917 40.76184)
Parrish Creek,Utah,971,-111.81371999999999,40.93417,POINT (-111.81372 40.93417)
Pascoes,California,PSC,-118.35,35.967,POINT (-118.35 35.967)
Payson R.S.,Utah,686,-111.63108999999999,39.929759999999995,POINT (-111.63109 39.92975999999999)
Peavine Ridge,Oregon,687,-121.93252,45.04148,POINT (-121.93252 45.04148)
Pepper Creek,Washington,1104,-121.95555,46.10242,POINT (-121.95555 46.10242)
Peterson Flat,California,PET,-122.52799999999999,41.302,POINT (-122.528 41.302)
Peterson Meadows,Montana,930,-113.30792,46.12588,POINT (-113.30792 46.12588)
Phantom Valley,Colorado,688,-105.84756999999999,40.399370000000005,POINT (-105.84757 40.39937)
Phillips Bench,Wyoming,689,-110.91258,43.516870000000004,POINT (-110.91258 43.51687)
Pickfoot Creek,Montana,690,-111.26831999999999,46.57978,POINT (-111.26832 46.57978)
Pickle Keg,Utah,691,-111.58259,39.012190000000004,POINT (-111.58259 39.01219)
Pierce R.S.,Idaho,1142,-115.7957,46.49597,POINT (-115.7957 46.49597)
Pigtail Peak,Washington,692,-121.38643,46.62153,POINT (-121.38643 46.62153)
Pike Creek,Montana,693,-113.32868,48.30305,POINT (-113.32868 48.30305)
Pilot Peak,California,PLP,-120.875,39.786,POINT (-120.875 39.786)
Pine Creek,Utah,694,-112.24915,38.88185,POINT (-112.24915 38.88185)
Pine Creek Pass,Idaho,695,-111.21157,43.56998,POINT (-111.21157 43.56998)
Pine Pass,British Columbia,4A02P,-122.63333,55.35,POINT (-122.63333 55.35)
Pinto Rock,Washington,1263,-121.94219,46.32318,POINT (-121.94219 46.32318)
Placer Basin,Montana,696,-110.08843999999999,45.41905,POINT (-110.08844 45.41905)
Pocket Creek,Wyoming,1133,-109.4112,42.7121,POINT (-109.4112 42.7121)
Poison Flat,California,697,-119.62624,38.505759999999995,POINT (-119.62624 38.50576)
Poison Ridge,California,PSR,-119.52,37.403,POINT (-119.52 37.403)
Pole Canyon,Nevada,1244,-115.12066999999999,40.86293,POINT (-115.12067 40.86293)
Pole Creek R.S.,Nevada,698,-115.24713,41.87255,POINT (-115.24713 41.87255)
Poorman Creek,Montana,932,-115.62333000000001,48.12672,POINT (-115.62333 48.12672)
Pope Ridge,Washington,699,-120.56622,47.9909,POINT (-120.56622 47.9909)
Porcupine,Montana,700,-110.4696,46.11192,POINT (-110.4696 46.11192)
Porphyry Creek,Colorado,701,-106.33965,38.48884,POINT (-106.33965 38.48884)
Port Graham,Alaska,987,-151.84768,59.35065,POINT (-151.84768 59.35065)
Porter Canyon,Nevada,2170,-117.62069,39.46544,POINT (-117.62069 39.46544)
Potato Hill,Washington,702,-121.51435,46.34963,POINT (-121.51435 46.34963)
Powder River Pass,Wyoming,703,-107.12621999999999,44.16188,POINT (-107.12622 44.16188)
Prairie,Idaho,704,-115.573,43.50513,POINT (-115.573 43.50513)
Promontory,Arizona,705,-111.01083999999999,34.36824,POINT (-111.01084 34.36824)
Pulpit Lake,British Columbia,4A09P,-126.73333000000001,57.53333000000001,POINT (-126.73333 57.53333000000001)
Quaking Aspen,California,QUA,-118.545,36.122,POINT (-118.545 36.122)
Quartz Mountain,Oregon,706,-120.82533000000001,42.31923,POINT (-120.82533 42.31923)
Quartz Peak,Washington,707,-117.08938,47.87927,POINT (-117.08938 47.87927)
Quemazon,New Mexico,708,-106.39203,35.92244,POINT (-106.39203 35.92244)
Rabbit Ears,Colorado,709,-106.74038,40.36783,POINT (-106.74038 40.36783)
Ragged Mountain,Idaho,1081,-117.03667,47.85583,POINT (-117.03667 47.85583)
Railroad Overpass,Oregon,710,-122.21271999999999,43.65887,POINT (-122.21272 43.65887)
Rainbow Canyon,Nevada,1110,-115.62971999999999,36.2493,POINT (-115.62972 36.2493)
Rainy Pass,Washington,711,-120.7358,48.51865,POINT (-120.7358 48.51865)
Rattlesnake,California,RTL,-121.04299999999999,40.125,POINT (-121.043 40.125)
Rawah,Colorado,1032,-106.0076,40.7075,POINT (-106.0076 40.7075)
Red Hill,Oregon,712,-121.70428000000001,45.4643,POINT (-121.70428 45.4643)
Red Mountain Pass,Colorado,713,-107.71342,37.8918,POINT (-107.71342 37.8918)
Red Pine Ridge,Utah,714,-111.27221000000002,39.45197,POINT (-111.27221 39.45197)
Red River Pass #2,New Mexico,715,-105.34125,36.69925,POINT (-105.34125 36.69925)
Red Rock Mountain,California,RRM,-122.885,41.023,POINT (-122.885 41.023)
Redden Mine Lwr,Utah,1225,-111.21765,40.67505,POINT (-111.21765 40.67505)
Redfish Creek,British Columbia,2D14P,-117.08333,49.68333,POINT (-117.08333 49.68333)
Rees Flat,Utah,1217,-111.72508,39.49667,POINT (-111.72508 39.49667)
Reno Hill,Wyoming,716,-106.08888999999999,42.57111,POINT (-106.08889 42.57111)
Revolution Creek,British Columbia,1A17P,-120.36667,53.78333000000001,POINT (-120.36667 53.78333000000001)
Rex River,Washington,911,-121.60475,47.30218,POINT (-121.60475 47.30218)
Reynolds Creek,Idaho,2029,-116.8431,43.28863,POINT (-116.8431 43.28863)
Rice Park,New Mexico,933,-108.26666999999999,35.23333,POINT (-108.26667 35.23333)
Rio Santa Barbara,New Mexico,1254,-105.62947,36.07192,POINT (-105.62947 36.07192)
Ripple Creek,Colorado,717,-107.29411,40.10812,POINT (-107.29411 40.10812)
Roach,Colorado,718,-106.04603,40.87502,POINT (-106.04603 40.87502)
Roaring River,Oregon,719,-122.03063,43.90098,POINT (-122.03063 43.90098)
Robbs Powerhouse,California,BLC,-120.375,38.903,POINT (-120.375 38.903)
Robbs Saddle,California,RBB,-120.37799999999999,38.912,POINT (-120.378 38.912)
Robinson Cow Camp,California,RCC,-120.678,39.623000000000005,POINT (-120.678 39.623)
Rock Creek,Utah,720,-110.69292,40.54875,POINT (-110.69292 40.54875)
Rock Creek Lakes,California,RCK,-118.735,37.458,POINT (-118.735 37.458)
Rock Springs,Oregon,721,-118.83842,44.008829999999996,POINT (-118.83842 44.00883)
Rocker Peak,Montana,722,-112.26176000000001,46.35613,POINT (-112.26176 46.35613)
Rocky Basin-Settleme,Utah,723,-112.22377,40.44293,POINT (-112.22377 40.44293)
Rocky Boy,Montana,917,-109.64728000000001,48.17478,POINT (-109.64728 48.17478)
Rough And Tumble,Colorado,939,-106.08333,39.03333,POINT (-106.08333 39.03333)
Rubicon #2,California,724,-120.13139,38.99927,POINT (-120.13139 38.99927)
S Fork Shields,Montana,725,-110.43363000000001,46.0896,POINT (-110.43363 46.0896)
Sacajawea,Montana,929,-110.92783,45.87395,POINT (-110.92783 45.87395)
Saddle Mountain,Oregon,726,-123.37315,45.54477,POINT (-123.37315 45.54477)
Saddle Mtn.,Montana,727,-113.96828000000001,45.69259,POINT (-113.96828 45.69259)
Sage Creek Basin,Wyoming,1015,-107.25717,41.401,POINT (-107.25717 41.401)
Saint Elmo,Colorado,1100,-106.36801000000001,38.69978,POINT (-106.36801 38.69978)
Salmon Meadows,Washington,728,-119.8383,48.65518,POINT (-119.8383 48.65518)
Salt Creek Falls,Oregon,729,-122.11758,43.61193,POINT (-122.11758 43.61193)
Salt River Summit,Wyoming,730,-110.9099,42.5075,POINT (-110.9099 42.5075)
San Antonio Sink,New Mexico,1172,-106.22502,36.8622,POINT (-106.22502 36.8622)
Sand Flat,California,SDF,-122.24600000000001,41.35,POINT (-122.246 41.35)
Sand Lake,Wyoming,731,-106.28107,41.46257,POINT (-106.28107 41.46257)
Sandstone RS,Wyoming,732,-107.1706,41.11172,POINT (-107.1706 41.11172)
Santa Fe,New Mexico,922,-105.78333,35.766940000000005,POINT (-105.78333 35.76694000000001)
Santaquin Meadows,Utah,1280,-111.71802,39.920759999999994,POINT (-111.71802 39.92075999999999)
Santiam Jct.,Oregon,733,-121.94502,44.43503,POINT (-121.94502 44.43503)
Sargents Mesa,Colorado,1128,-106.37069,38.28555,POINT (-106.37069 38.28555)
Sasse Ridge,Washington,734,-121.06323,47.38485,POINT (-121.06323 47.38485)
Satus Pass,Washington,1231,-120.67733999999999,45.987970000000004,POINT (-120.67734 45.98797)
Savage Pass,Idaho,735,-114.63333,46.46633,POINT (-114.63333 46.46633)
Sawmill,California,SWM,-118.56200000000001,37.162,POINT (-118.562 37.162)
Sawmill Ridge,Washington,1068,-121.42172,47.15992,POINT (-121.42172 47.15992)
Sawtooth,Colorado,1251,-105.58625,40.13697,POINT (-105.58625 40.13697)
Schneider Meadows,Oregon,736,-117.16521999999999,45.00107,POINT (-117.16522 45.00107)
Schneiders,California,SCN,-120.068,38.747,POINT (-120.068 38.747)
Schofield Pass,Colorado,737,-107.04876999999999,39.01522,POINT (-107.04877 39.01522)
Schwartz Lake,Idaho,915,-113.83731999999999,44.84618,POINT (-113.83732 44.84618)
Schweitzer Basin,Idaho,738,-116.63917,48.37428,POINT (-116.63917 48.37428)
Scotch Creek,Colorado,739,-108.00786000000001,37.645559999999996,POINT (-108.00786 37.64556)
Scott Mountain,California,SCT,-122.71799999999999,41.272,POINT (-122.718 41.272)
Secesh Summit,Idaho,740,-115.97152,45.18848,POINT (-115.97152 45.18848)
Sedgwick Peak,Idaho,741,-111.95635,42.52497,POINT (-111.95635 42.52497)
Seeley Creek,Utah,742,-111.43297,39.31042,POINT (-111.43297 39.31042)
Seine Creek,Oregon,743,-123.29857,45.52688,POINT (-123.29857 45.52688)
Senorita Divide #2,New Mexico,744,-106.83348000000001,36.001979999999996,POINT (-106.83348 36.00198)
Sentinel Butte,Washington,1043,-118.39843,48.86133,POINT (-118.39843 48.86133)
Sevenmile Marsh,Oregon,745,-122.14165,42.69825,POINT (-122.14165 42.69825)
Seventysix Creek,Nevada,746,-115.47215,41.737320000000004,POINT (-115.47215 41.73732)
Shanghi Summit,Idaho,747,-115.74216000000001,46.56603,POINT (-115.74216 46.56603)
Sharkstooth,Colorado,1060,-108.11373,37.50357,POINT (-108.11373 37.50357)
Shedin Creek,British Columbia,4B16P,-127.68333,55.85,POINT (-127.68333 55.85)
Sheep Canyon,Washington,748,-122.25393000000001,46.19325,POINT (-122.25393 46.19325)
Sheep Mtn.,Idaho,749,-111.68791999999999,43.2103,POINT (-111.68792 43.2103)
Sheldon,Nevada,750,-119.44463999999999,41.90435,POINT (-119.44464 41.90435)
Shell Creek,Wyoming,751,-107.42947,44.50012,POINT (-107.42947 44.50012)
Sherwin,Idaho,752,-116.33972,46.95028,POINT (-116.33972 46.95028)
Shimmy Lake,California,SHM,-122.8,41.008,POINT (-122.8 41.008)
Short Creek,Montana,753,-111.95215,44.97572,POINT (-111.95215 44.97572)
Shower Falls,Montana,754,-110.95758000000001,45.40125,POINT (-110.95758 45.40125)
Shuree,New Mexico,1169,-105.23998999999999,36.78778,POINT (-105.23999 36.78778)
Sierra Blanca,New Mexico,1034,-105.78721999999999,33.404720000000005,POINT (-105.78722 33.40472)
Signal Peak,New Mexico,755,-108.14538,32.924009999999996,POINT (-108.14538 32.92401)
Silver Creek,Oregon,756,-121.18123,42.95615,POINT (-121.18123 42.95615)
Silver Creek Divide,New Mexico,757,-108.70618,33.37106,POINT (-108.70618 33.37106)
Silver Lake,California,SIL,-120.118,38.678000000000004,POINT (-120.118 38.678)
Silvies,Oregon,759,-118.68785,42.75333,POINT (-118.68785 42.75333)
Skalkaho Summit,Montana,760,-113.7725,46.24212,POINT (-113.7725 46.24212)
Skate Creek,Washington,1257,-121.83044,46.643359999999994,POINT (-121.83044 46.64335999999999)
Skookum Creek,Washington,912,-121.61007,47.684329999999996,POINT (-121.61007 47.68433)
Slate Creek,California,SLT,-122.478,41.045,POINT (-122.478 41.045)
Sleeping Woman,Montana,783,-114.33368,47.17902,POINT (-114.33368 47.17902)
Slide Canyon,California,SLI,-119.43,38.092,POINT (-119.43 38.092)
Slug Creek Divide,Idaho,761,-111.29796999999999,42.56248,POINT (-111.29797 42.56248)
Slumgullion,Colorado,762,-107.20326999999999,37.9908,POINT (-107.20327 37.9908)
Smiley Mountain,Idaho,926,-113.83402,43.72718,POINT (-113.83402 43.72718)
Smith  Morehouse,Utah,763,-111.09192,40.78931,POINT (-111.09192 40.78931)
Smith Ridge,Oregon,1167,-122.04053,44.30325,POINT (-122.04053 44.30325)
Snake River Station,Wyoming,764,-110.66917,44.13361,POINT (-110.66917 44.13361)
Snow Mountain,Oregon,767,-119.54013,43.94885,POINT (-119.54013 43.94885)
Snow Mountain,California,SNM,-121.78200000000001,40.778,POINT (-121.782 40.778)
Snowbird,Utah,766,-111.65852,40.569140000000004,POINT (-111.65852 40.56914)
Snowslide Canyon,Arizona,927,-111.65058,35.3416,POINT (-111.65058 35.3416)
Snyder Basin,Wyoming,765,-110.53203,42.4949,POINT (-110.53203 42.4949)
Soldier Park,Wyoming,1132,-107.0136,44.34847,POINT (-107.0136 44.34847)
Soldier R.S.,Idaho,769,-114.82692,43.48407,POINT (-114.82692 43.48407)
Somsen Ranch,Idaho,770,-111.35933,42.95275,POINT (-111.35933 42.95275)
Sonora Pass,California,771,-119.6003,38.31021,POINT (-119.6003 38.31021)
Sourdough Gulch,Washington,985,-117.39438,46.23718,POINT (-117.39438 46.23718)
South Brush Creek,Wyoming,772,-106.50248,41.32943,POINT (-106.50248 41.32943)
South Colony,Colorado,773,-105.53787,37.968109999999996,POINT (-105.53787 37.96811)
South Fork Bull Run,Oregon,925,-122.03125,45.44575,POINT (-122.03125 45.44575)
South Lake,California,SLK,-118.56200000000001,37.176,POINT (-118.562 37.176)
South Mtn.,Idaho,774,-116.90037,42.76478,POINT (-116.90037 42.76478)
South Pass,Wyoming,775,-108.84325,42.573170000000005,POINT (-108.84325 42.57317)
Spencer Meadow,Washington,776,-121.92661000000001,46.1795,POINT (-121.92661 46.1795)
Spirit Lake,Washington,777,-122.1772,46.26113,POINT (-122.1772 46.26113)
Spirit Lk,Utah,1117,-110.00527,40.83868,POINT (-110.00527 40.83868)
Spratt Creek,California,778,-119.81741000000001,38.666270000000004,POINT (-119.81741 38.66627)
Spring Creek,Alaska,2044,-149.12853,61.657219999999995,POINT (-149.12853 61.65722)
Spring Creek Divide,Wyoming,779,-110.66148000000001,42.52516,POINT (-110.66148 42.52516)
Spruce Springs,Washington,984,-117.54155,46.18287,POINT (-117.54155 46.18287)
Spud Mountain,Colorado,780,-107.77715,37.69866,POINT (-107.77715 37.69866)
Spur Park,Montana,781,-110.62165,46.77962,POINT (-110.62165 46.77962)
Spuzzum Creek,British Columbia,1D19P,-121.65,49.65,POINT (-121.65 49.65)
Squamish Upper,British Columbia,3A25P,-123.43333,50.15,POINT (-123.43333 50.15)
Squaw Flat,Idaho,782,-116.24805,44.77091,POINT (-116.24805 44.77091)
Squaw Valley G.C.,California,784,-120.26576000000001,39.189859999999996,POINT (-120.26576 39.18986)
St. Lawrence Alt,Wyoming,786,-109.17025,43.03313,POINT (-109.17025 43.03313)
St. Leon Creek,British Columbia,2B08P,-117.7,50.43333,POINT (-117.7 50.43333)
Stahl Peak,Montana,787,-114.86298000000001,48.90902,POINT (-114.86298 48.90902)
Stampede Pass,Washington,788,-121.34161999999999,47.27427,POINT (-121.34162 47.27427)
Stanislaus Meadow,California,SLM,-119.93700000000001,38.505,POINT (-119.937 38.505)
Starr Ridge,Oregon,789,-119.02162,44.26423,POINT (-119.02162 44.26423)
State Lakes,California,STL,-118.574,36.927,POINT (-118.574 36.927)
State Line,California,1258,-120.71574,41.986090000000004,POINT (-120.71574 41.98609)
Steel Creek Park,Utah,790,-110.50461999999999,40.90862,POINT (-110.50462 40.90862)
Stevens Pass,Washington,791,-121.09288000000001,47.74607,POINT (-121.09288 47.74607)
Stickney Mill,Idaho,792,-114.20902,43.86117,POINT (-114.20902 43.86117)
Stillwater Creek,Colorado,793,-105.91977,40.225429999999996,POINT (-105.91977 40.22543)
Stouts Meadow,California,STM,-121.93799999999999,41.17,POINT (-121.938 41.17)
Strawberry,Oregon,794,-120.8361,42.12587,POINT (-120.8361 42.12587)
Strawberry Divide,Utah,795,-111.20665,40.16483,POINT (-111.20665 40.16483)
Stringer Creek,Montana,1009,-110.90198000000001,46.9269,POINT (-110.90198 46.9269)
Stuart Mountain,Montana,901,-113.92663999999999,46.99523,POINT (-113.92664 46.99523)
Stump Lakes,Colorado,797,-107.63295,37.476209999999995,POINT (-107.63295 37.47620999999999)
Sucker Creek,Wyoming,798,-107.40033000000001,44.7225,POINT (-107.40033 44.7225)
Summer Rim,Oregon,800,-120.80158,42.6957,POINT (-120.80158 42.6957)
Summit Creek,Alaska,955,-149.53128,60.61713,POINT (-149.53128 60.61713)
Summit Lake,Oregon,801,-122.13808,43.44907,POINT (-122.13808 43.44907)
Summit Lk,Nevada,1194,-118.99663000000001,41.48953,POINT (-118.99663 41.48953)
Summit Meadow,California,1052,-119.53522,38.39747,POINT (-119.53522 38.39747)
Summit Ranch,Colorado,802,-106.15802,39.71796,POINT (-106.15802 39.71796)
Sun Pass,Oregon,1078,-121.97715,42.78637,POINT (-121.97715 42.78637)
Sunflower Flat,Utah,1249,-111.33981000000001,38.048,POINT (-111.33981 38.048)
Sunset,Idaho,803,-115.82422,47.55545,POINT (-115.82422 47.55545)
Surprise Lakes,Washington,804,-121.76345,46.09497,POINT (-121.76345 46.09497)
Susitna Valley High,Alaska,967,-150.04166999999998,62.13333000000001,POINT (-150.04167 62.13333000000001)
Suu Ranch,Utah,1248,-112.92948999999999,37.59711,POINT (-112.92949 37.59711)
Swamp Creek,Washington,975,-120.78267,48.57142,POINT (-120.78267 48.57142)
Swan Lake Mtn,Oregon,1077,-121.68002,42.41323,POINT (-121.68002 42.41323)
Swede Peak,Idaho,805,-113.96887,43.626000000000005,POINT (-113.96887 43.626)
Swift Creek,Washington,1012,-122.18401999999999,46.1638,POINT (-122.18402 46.1638)
Sylvan Lake,Wyoming,806,-110.15651000000001,44.47764,POINT (-110.15651 44.47764)
Sylvan Road,Wyoming,807,-110.03808000000001,44.47825,POINT (-110.03808 44.47825)
Tahoe City Cross,California,809,-120.15361999999999,39.171620000000004,POINT (-120.15362 39.17162)
Tahtsa Lake,British Columbia,1B02P,-127.63333,53.583330000000004,POINT (-127.63333 53.58333)
Takka Wiiya,Utah,1247,-113.98262,39.741040000000005,POINT (-113.98262 39.74104000000001)
Tamarack Summit,California,TMR,-119.2,37.165,POINT (-119.2 37.165)
Taos Powderhorn,New Mexico,1168,-105.45611000000001,36.582029999999996,POINT (-105.45611 36.58203)
Taylor Butte,Oregon,810,-121.42591999999999,42.69108,POINT (-121.42592 42.69108)
Taylor Canyon,Nevada,811,-116.0293,41.2287,POINT (-116.0293 41.2287)
Taylor Green,Oregon,812,-117.55067,45.07707,POINT (-117.55067 45.07707)
Telaquana Lake,Alaska,1266,-153.91772,60.98243000000001,POINT (-153.91772 60.98243000000001)
Temple Fork,Utah,1013,-111.54605,41.793,POINT (-111.54605 41.793)
Tenaya Lake,California,TNY,-119.448,37.838,POINT (-119.448 37.838)
Tenquille Lake,British Columbia,1D06P,-122.91667,50.53333,POINT (-122.91667 50.53333)
Tepee Creek,Montana,813,-111.71,44.78562,POINT (-111.71 44.78562)
Teuchet Creek,Alaska,951,-145.51667,64.94583,POINT (-145.51667 64.94583)
Thaynes Canyon,Utah,814,-111.53322,40.6235,POINT (-111.53322 40.6235)
Thistle Flat,Utah,1226,-111.51998,39.23803,POINT (-111.51998 39.23803)
Three Creeks Meadow,Oregon,815,-121.64095,44.14425,POINT (-121.64095 44.14425)
Thumb Divide,Wyoming,816,-110.57717,44.369170000000004,POINT (-110.57717 44.36917)
Thunder Basin,Washington,817,-120.9895,48.52753,POINT (-120.9895 48.52753)
Tie Creek,Wyoming,818,-107.41017,44.81243,POINT (-107.41017 44.81243)
Timber Creek,Wyoming,819,-109.17878999999999,44.0274,POINT (-109.17879 44.0274)
Timberline,Utah,1097,-110.43395,39.67712,POINT (-110.43395 39.67712)
Timpanogos Divide,Utah,820,-111.61633,40.42817,POINT (-111.61633 40.42817)
Tinkham Creek,Washington,899,-121.46975,47.33198,POINT (-121.46975 47.33198)
Tioga Pass Entry Station,California,TES,-119.257,37.911,POINT (-119.257 37.911)
Tipton,Oregon,821,-118.42617,44.65567,POINT (-118.42617 44.65567)
Tizer Basin,Montana,893,-111.85308,46.34937,POINT (-111.85308 46.34937)
Toe Jam,Nevada,1136,-116.3408,41.3187,POINT (-116.3408 41.3187)
Togwotee Pass,Wyoming,822,-110.0578,43.74902,POINT (-110.0578 43.74902)
Tok,Alaska,2080,-142.98164,63.3532,POINT (-142.98164 63.3532)
Toketee Airstrip,Oregon,1044,-122.42537,43.22718,POINT (-122.42537 43.22718)
Tokositna Valley,Alaska,1089,-150.77617,62.63,POINT (-150.77617 62.63)
Tolby,New Mexico,934,-105.19468,36.47493,POINT (-105.19468 36.47493)
Tony Grove Lake,Utah,823,-111.62957,41.89833,POINT (-111.62957 41.89833)
Tony Grove RS,Utah,1113,-111.56918,41.88573,POINT (-111.56918 41.88573)
Touchet,Washington,824,-117.8505,46.11868,POINT (-117.8505 46.11868)
Tower,Colorado,825,-106.6768,40.53743,POINT (-106.6768 40.53743)
Townsend Creek,Wyoming,826,-108.89572,42.69525,POINT (-108.89572 42.69525)
Trapper Lake,Colorado,827,-107.2362,39.99884,POINT (-107.2362 39.99884)
Tres Ritos,New Mexico,1083,-105.52713999999999,36.12778,POINT (-105.52714 36.12778)
Trial Lake,Utah,828,-110.94873,40.678000000000004,POINT (-110.94873 40.678)
Trinchera,Colorado,829,-105.23233,37.35328,POINT (-105.23233 37.35328)
Trinity,Washington,1171,-120.8493,48.0747,POINT (-120.8493 48.0747)
Trinity Mtn.,Idaho,830,-115.43818,43.62903,POINT (-115.43818 43.62903)
Triple Peak,Wyoming,831,-110.5914,42.76393,POINT (-110.5914 42.76393)
Trough,Washington,832,-120.29411999999999,47.23328,POINT (-120.29412 47.23328)
Trout Creek,Utah,833,-109.6728,40.739000000000004,POINT (-109.6728 40.739)
Truckee #2,California,834,-120.18406999999999,39.30087,POINT (-120.18407 39.30087)
Tsai Creek,British Columbia,4B17P,-127.66667,54.63333000000001,POINT (-127.66667 54.63333000000001)
Tunnel Guard Station,California,TUN,-118.288,36.367,POINT (-118.288 36.367)
Tuolumne Meadows,California,TUM,-119.35,37.873000000000005,POINT (-119.35 37.873)
Turnagain Pass,Alaska,954,-149.18325,60.78043,POINT (-149.18325 60.78043)
Twelvemile Creek,Montana,835,-114.44755,46.14287,POINT (-114.44755 46.14287)
Twin Lakes,Montana,836,-114.5056,46.1438,POINT (-114.5056 46.1438)
Two Ocean Plateau,Wyoming,837,-110.22122,44.15178,POINT (-110.22122 44.15178)
University Camp,Colorado,838,-105.57615,40.032790000000006,POINT (-105.57615 40.03279000000001)
Upper Burnt Corral,California,UBC,-118.93700000000001,37.183,POINT (-118.937 37.183)
Upper Chena,Alaska,952,-144.93317,65.1,POINT (-144.93317 65.09999999999999)
Upper Joes Valley,Utah,1227,-111.2491,39.4155,POINT (-111.2491 39.4155)
Upper Rio Grande,Colorado,839,-107.26015,37.721940000000004,POINT (-107.26015 37.72194)
Upper San Juan,Colorado,840,-106.83535,37.48576,POINT (-106.83535 37.48576)
Upper Taylor,Colorado,1141,-106.75421999999999,38.99077,POINT (-106.75422 38.99077)
Upper Tsaina River,Alaska,1055,-145.64807,61.19112,POINT (-145.64807 61.19112)
Upper Tyndall Creek,California,UTY,-118.397,36.65,POINT (-118.397 36.65)
Upper Wheeler,Washington,841,-120.37015,47.28734,POINT (-120.37015 47.28734)
Usu Doc Daniel,Utah,1098,-111.50603000000001,41.86425,POINT (-111.50603 41.86425)
Ute Creek,Colorado,1005,-105.37326999999999,37.61497,POINT (-105.37327 37.61497)
Vacarro Springs,Nevada,1137,-115.9834,39.4495,POINT (-115.9834 39.4495)
Vacas Locas,New Mexico,1017,-106.81362,36.02635,POINT (-106.81362 36.02635)
Vail Mountain,Colorado,842,-106.38006000000001,39.61676,POINT (-106.38006 39.61676)
Vallecito,Colorado,843,-107.5068,37.4851,POINT (-107.5068 37.4851)
Van Vleck,California,VVL,-120.305,38.945,POINT (-120.305 38.945)
Van Wyck,Idaho,979,-116.3366,44.37665,POINT (-116.3366 44.37665)
Vernon Creek,Utah,844,-112.41478000000001,39.93667,POINT (-112.41478 39.93667)
Vienna Mine,Idaho,845,-114.85273000000001,43.79942,POINT (-114.85273 43.79942)
Virginia Lakes Ridge,California,846,-119.23433,38.07298,POINT (-119.23433 38.07298)
Volcanic Knob,California,VLC,-118.90299999999999,37.388000000000005,POINT (-118.903 37.38800000000001)
Wager Gulch,Colorado,1188,-107.3643,37.88248,POINT (-107.3643 37.88248)
Wahleach Lake,British Columbia,1D09P,-121.56667,49.21667,POINT (-121.56667 49.21667)
Waldron,Montana,847,-112.79087,47.919979999999995,POINT (-112.79087 47.91998)
Ward Creek #3,California,848,-120.21865,39.13545,POINT (-120.21865 39.13545)
Ward Mountain,Nevada,849,-114.95575,39.13242,POINT (-114.95575 39.13242)
Warm Springs,Montana,850,-113.164,46.27368,POINT (-113.164 46.27368)
Waterhole,Washington,974,-123.42594,47.94485,POINT (-123.42594 47.94485)
Webber Springs,Wyoming,852,-106.92714,41.159459999999996,POINT (-106.92714 41.15946)
Webster Flat,Utah,853,-112.90155,37.575,POINT (-112.90155 37.575)
Wells Creek,Washington,909,-121.78976000000002,48.8661,POINT (-121.78976 48.8661)
Weminuche Creek,Colorado,1160,-107.32151999999999,37.51976,POINT (-107.32152 37.51976)
Wesner Springs,New Mexico,854,-105.5425,35.77556,POINT (-105.5425 35.77556)
West Branch,Idaho,855,-116.45413,45.0722,POINT (-116.45413 45.0722)
West Woodchuck Meadow,California,WWC,-118.91799999999999,37.03,POINT (-118.918 37.03)
West Yellowstone,Montana,924,-111.09199,44.65866,POINT (-111.09199 44.65866)
Wet Meadows,California,WTM,-118.572,36.348,POINT (-118.572 36.348)
Wheeler Peak,Nevada,1147,-114.31021000000001,39.00995,POINT (-114.31021 39.00995)
Whiskey Ck,Colorado,857,-105.12245,37.21411,POINT (-105.12245 37.21411)
Whiskey Creek,Montana,858,-111.14998,44.61088,POINT (-111.14998 44.61088)
Whiskey Park,Wyoming,859,-106.90848000000001,41.00289,POINT (-106.90848 41.00289)
White Elephant,Idaho,860,-111.41085,44.53267,POINT (-111.41085 44.53267)
White Horse Lake,Arizona,861,-112.14915,35.14202,POINT (-112.14915 35.14202)
White Mill,Montana,862,-109.90987,45.04575,POINT (-109.90987 45.04575)
White Pass E.S.,Washington,863,-121.38153,46.641420000000004,POINT (-121.38153 46.64142)
White River #1,Utah,864,-110.98845,39.9645,POINT (-110.98845 39.9645)
White Wolf,California,WHW,-119.652,37.859,POINT (-119.652 37.859)
Widtsoe #3,Utah,865,-111.88163,37.83633,POINT (-111.88163 37.83633)
Wild Basin,Colorado,1042,-105.60248,40.20105,POINT (-105.60248 40.20105)
Wildcat,Arizona,866,-109.47973,33.75835,POINT (-109.47973 33.75835)
Wildhorse Divide,Idaho,867,-112.47783000000001,42.75743,POINT (-112.47783 42.75743)
Willow Creek,Wyoming,868,-110.83515,42.815129999999996,POINT (-110.83515 42.81513)
Willow Creek Pass,Colorado,869,-106.09433,40.34703,POINT (-106.09433 40.34703)
Willow Park,Colorado,870,-105.73337,40.43254,POINT (-105.73337 40.43254)
Wilson Creek,Idaho,871,-115.00278,42.012570000000004,POINT (-115.00278 42.01257)
Windy Peak,Wyoming,872,-105.57816000000001,42.2802,POINT (-105.57816 42.2802)
Wolf Creek,Oregon,873,-118.15191999999999,45.067029999999995,POINT (-118.15192 45.06703)
Wolf Creek Summit,Colorado,874,-106.8017,37.47922,POINT (-106.8017 37.47922)
Wolf River Upper,British Columbia,3B17P,-125.66667,49.7,POINT (-125.66667 49.7)
Wolverine,Wyoming,875,-109.65700000000001,44.80417,POINT (-109.657 44.80417)
Wood Creek,Montana,876,-112.81428000000001,47.44847,POINT (-112.81428 47.44847)
Workman Creek,Arizona,877,-110.91773,33.81242,POINT (-110.91773 33.81242)
Wrigley Creek,Utah,1228,-111.35685,39.132329999999996,POINT (-111.35685 39.13233)
Yankee Reservoir,Utah,1197,-112.77495,37.74797,POINT (-112.77495 37.74797)
Yanks Peak East,British Columbia,1C41P,-121.35,52.816669999999995,POINT (-121.35 52.81666999999999)
Yellowhead,British Columbia,1A01P,-118.53333,52.9,POINT (-118.53333 52.9)
Younts Peak,Wyoming,878,-109.81775,43.93225,POINT (-109.81775 43.93225)
Zirkel,Colorado,1033,-106.59535,40.79488,POINT (-106.59535 40.79488)
